uuid,label
0001348010.jpg,d1
000623946.jpg,d9
000767853.jpg,d2
001043027.jpg,d9
001121349.jpg,d1
0011762354.jpg,d3
0014360834.jpg,d1
001565217.jpg,d8
001885254.jpg,d8
001925892.jpg,d8
002085037.jpg,d9
002115235.jpg,d3
002531114.jpg,d9
002596227.jpg,d9
002936680.jpg,d3
003273246.jpg,d9
003752956.jpg,d7
003826328.jpg,d3
003861215.jpg,d7
004033659.jpg,d8
004501840.jpg,d9
004619881.jpg,d9
004827975.jpg,d9
005112687.jpg,d8
005454032.jpg,d3
005654777.jpg,d8
005699153.jpg,d7
005703997.jpg,d3
005833021.jpg,d3
006199720.jpg,d7
0064688765.jpg,d8
006881696.jpg,d8
007046206.jpg,d9
007056263.jpg,d9
0071375949.jpg,d3
0071415322.jpg,d8
007149665.jpg,d9
007328028.jpg,d6
007402606.jpg,d8
007484141.jpg,d9
0075163509.jpg,d3
007540040.jpg,d7
0078908670.jpg,d3
0079302283.jpg,d6
008227441.jpg,d8
0082623298.jpg,d5
0083419850.jpg,d3
008641119.jpg,d6
0088494316.jpg,d3
008872131.jpg,d8
0090108934.jpg,d3
009302926.jpg,d9
009509885.jpg,d3
009530422.jpg,d3
0095853004.jpg,d6
010174666.jpg,d8
0104883168.jpg,d3
010634917.jpg,d9
010678399.jpg,d9
010695854.jpg,d8
010867228.jpg,d3
0108848836.jpg,d1
0117013185.jpg,d3
011955018.jpg,d9
012376008.jpg,d3
012481742.jpg,d9
014153677.jpg,d8
014333444.jpg,d7
014641679.jpg,d8
015089204.jpg,d8
015468104.jpg,d9
015485778.jpg,d3
016156103.jpg,d9
0161943684.jpg,d3
016279666.jpg,d3
016514788.jpg,d8
0166918150.jpg,d1
016844912.jpg,d9
017147194.jpg,d9
017259039.jpg,d7
018087586.jpg,d9
0181139686.jpg,d3
018193320.jpg,d1
018572110.jpg,d7
0192068640.jpg,d1
020074518.jpg,d8
020212308.jpg,d5
0207531447.jpg,d3
020898267.jpg,d7
020898630.jpg,d8
021138864.jpg,d9
021290700.jpg,d3
0213106209.jpg,d3
021436320.jpg,d9
021819914.jpg,d7
021955338.jpg,d9
022070172.jpg,d3
022131995.jpg,d7
022160151.jpg,d8
022257639.jpg,d8
0226821827.jpg,d3
022736441.jpg,d5
022835883.jpg,d9
023262537.jpg,d5
023338042.jpg,d7
023576071.jpg,d7
0238835355.jpg,d9
0239141733.jpg,d3
023995609.jpg,d9
024017105.jpg,d7
024018397.jpg,d8
024022030.jpg,d8
024387162.jpg,d7
024438175.jpg,d9
024520505.jpg,d8
024608162.jpg,d4
024663628.jpg,d5
025064061.jpg,d7
025339398.jpg,d8
0253612938.jpg,d3
0254234130.jpg,d5
025569514.jpg,d8
025688524.jpg,d3
025759285.jpg,d8
026223245.jpg,d9
026361980.jpg,d8
027045554.jpg,d3
027135966.jpg,d4
027158779.jpg,d9
027167534.jpg,d9
027281078.jpg,d9
027349193.jpg,d9
027542000.jpg,d7
027556226.jpg,d9
027626946.jpg,d7
028028768.jpg,d9
0283967125.jpg,d5
028472422.jpg,d9
028781355.jpg,d9
029062591.jpg,d8
0295547829.jpg,d1
0296298931.jpg,d5
029707079.jpg,d9
029785524.jpg,d9
030059491.jpg,d9
030163945.jpg,d3
030232936.jpg,d9
030387419.jpg,d9
030526316.jpg,d8
030538183.jpg,d9
030570143.jpg,d8
030661411.jpg,d8
030687544.jpg,d9
031545409.jpg,d5
031842853.jpg,d9
031910655.jpg,d9
031927336.jpg,d9
032260955.jpg,d3
032867480.jpg,d5
033005206.jpg,d9
033819753.jpg,d9
0339906063.jpg,d6
034328207.jpg,d9
0343925078.jpg,d3
034458515.jpg,d3
034477668.jpg,d9
034650143.jpg,d1
034847295.jpg,d9
0355740596.jpg,d8
035658421.jpg,d9
036020731.jpg,d9
0362419682.jpg,d3
036385040.jpg,d9
0363996847.jpg,d5
036434404.jpg,d9
036630958.jpg,d8
0367465124.jpg,d5
0368961303.jpg,d3
037757585.jpg,d9
037860029.jpg,d7
038007605.jpg,d9
038927957.jpg,d7
039116101.jpg,d9
039727310.jpg,d3
0400876494.jpg,d3
040113039.jpg,d9
040634357.jpg,d9
040649472.jpg,d5
040845928.jpg,d3
041246347.jpg,d3
0413690012.jpg,d3
0417675577.jpg,d3
041860484.jpg,d9
042117733.jpg,d8
042230397.jpg,d8
042398068.jpg,d7
042619288.jpg,d8
0427423878.jpg,d1
043269316.jpg,d9
043570531.jpg,d9
043975087.jpg,d9
0441692736.jpg,d7
044427366.jpg,d5
044784105.jpg,d8
044851999.jpg,d3
044892712.jpg,d3
0450485667.jpg,d5
045184000.jpg,d8
045260306.jpg,d3
045308777.jpg,d9
045443832.jpg,d9
045805223.jpg,d3
0458299875.jpg,d3
046010391.jpg,d3
046356443.jpg,d8
046845233.jpg,d9
047156615.jpg,d1
047410164.jpg,d9
047821284.jpg,d8
048188183.jpg,d9
048409173.jpg,d8
0484569366.jpg,d3
048538150.jpg,d7
048641814.jpg,d8
048680616.jpg,d9
049012618.jpg,d9
0491349359.jpg,d3
049317361.jpg,d5
049372482.jpg,d9
049379948.jpg,d8
049452885.jpg,d8
049712837.jpg,d9
049857958.jpg,d8
049958351.jpg,d7
049993592.jpg,d3
050028772.jpg,d9
050396986.jpg,d8
050883020.jpg,d9
051270720.jpg,d9
051510246.jpg,d7
051716591.jpg,d7
052197935.jpg,d7
052201699.jpg,d3
052345771.jpg,d8
052376711.jpg,d9
052790689.jpg,d8
052840228.jpg,d7
0528878018.jpg,d4
052956862.jpg,d8
054138224.jpg,d8
054294133.jpg,d9
0544476861.jpg,d4
0546494247.jpg,d3
054773915.jpg,d9
054936696.jpg,d9
0559705251.jpg,d3
056037322.jpg,d8
0563544112.jpg,d8
0568291599.jpg,d7
0572413305.jpg,d7
057744886.jpg,d3
058076967.jpg,d3
058404118.jpg,d9
058423875.jpg,d8
059224666.jpg,d8
0601142975.jpg,d7
060290008.jpg,d7
0604363081.jpg,d7
060714021.jpg,d7
061044719.jpg,d9
061143309.jpg,d7
061306762.jpg,d2
061319977.jpg,d9
061441286.jpg,d8
061441873.jpg,d4
0615657201.jpg,d4
061592946.jpg,d9
061874814.jpg,d7
061894551.jpg,d8
061930975.jpg,d9
062009490.jpg,d9
062616843.jpg,d8
0630272259.jpg,d3
063210669.jpg,d3
063253825.jpg,d9
063332481.jpg,d9
063943791.jpg,d8
064067235.jpg,d3
064068525.jpg,d3
064445225.jpg,d9
064482103.jpg,d9
064888658.jpg,d3
064936926.jpg,d8
065170022.jpg,d9
0651733710.jpg,d3
065209872.jpg,d9
065238677.jpg,d9
065604326.jpg,d9
065604925.jpg,d9
065703184.jpg,d7
065710080.jpg,d9
065736134.jpg,d8
0657509987.jpg,d4
0661729794.jpg,d1
066339080.jpg,d3
066561769.jpg,d9
0666744226.jpg,d7
066833524.jpg,d5
0668503905.jpg,d3
066905657.jpg,d8
067396039.jpg,d3
067463801.jpg,d9
067985019.jpg,d9
068041720.jpg,d3
068179565.jpg,d9
068211575.jpg,d9
068335039.jpg,d9
068778572.jpg,d9
068814432.jpg,d9
069003038.jpg,d9
069098553.jpg,d9
069173974.jpg,d3
0693197730.jpg,d3
0694683496.jpg,d3
0694687404.jpg,d2
069592009.jpg,d9
069691040.jpg,d3
0698012168.jpg,d7
069947732.jpg,d3
069981394.jpg,d8
0701452489.jpg,d3
0704275464.jpg,d2
070693410.jpg,d3
072416115.jpg,d8
0724216173.jpg,d2
072476317.jpg,d5
072574907.jpg,d9
072819619.jpg,d8
072881451.jpg,d9
072995915.jpg,d3
073001061.jpg,d3
0730085267.jpg,d2
073590851.jpg,d9
074169635.jpg,d8
074892952.jpg,d9
0751276056.jpg,d4
075179853.jpg,d8
075605595.jpg,d9
075991366.jpg,d9
076023431.jpg,d8
076024667.jpg,d8
076040171.jpg,d9
076105977.jpg,d6
076683979.jpg,d8
077264102.jpg,d3
077397432.jpg,d8
077885422.jpg,d8
078007000.jpg,d9
078188403.jpg,d8
078321644.jpg,d9
078381949.jpg,d9
0784121768.jpg,d3
078602957.jpg,d9
078609413.jpg,d3
078667213.jpg,d9
0787328547.jpg,d1
078796802.jpg,d9
079068657.jpg,d8
079221067.jpg,d8
079370976.jpg,d3
0797132575.jpg,d3
080436199.jpg,d9
080524410.jpg,d9
080748389.jpg,d8
0808705973.jpg,d2
081006097.jpg,d9
081070380.jpg,d8
0813740338.jpg,d3
081559370.jpg,d9
081588057.jpg,d9
081637154.jpg,d2
081656491.jpg,d9
081681480.jpg,d8
081960235.jpg,d8
0820757994.jpg,d2
082442832.jpg,d8
0826051242.jpg,d3
082921824.jpg,d9
083132600.jpg,d3
083305318.jpg,d9
083355740.jpg,d8
083575376.jpg,d3
0837537988.jpg,d2
083787398.jpg,d9
083863843.jpg,d3
083932062.jpg,d3
0839775872.jpg,d3
085041606.jpg,d3
085149493.jpg,d8
085209030.jpg,d8
085314515.jpg,d6
085349274.jpg,d9
0857255252.jpg,d7
085762041.jpg,d3
0860555068.jpg,d7
086216193.jpg,d9
086238041.jpg,d8
086471404.jpg,d3
086534516.jpg,d1
086973928.jpg,d8
087330737.jpg,d9
087427078.jpg,d8
087738639.jpg,d9
087916060.jpg,d8
088018414.jpg,d9
0880895623.jpg,d3
088352685.jpg,d8
088652738.jpg,d9
089152977.jpg,d9
089201339.jpg,d9
089225906.jpg,d2
089524048.jpg,d3
0896632667.jpg,d3
089973390.jpg,d6
090067099.jpg,d7
090257191.jpg,d8
0902903482.jpg,d8
090319935.jpg,d6
090914481.jpg,d3
090979328.jpg,d9
091084882.jpg,d8
093066609.jpg,d3
093111621.jpg,d9
0932030430.jpg,d3
093416377.jpg,d9
093582350.jpg,d3
093792853.jpg,d3
0938275974.jpg,d6
0941389174.jpg,d3
094184396.jpg,d3
094688842.jpg,d8
094844009.jpg,d9
095000823.jpg,d8
095769142.jpg,d6
096081233.jpg,d5
0966456757.jpg,d2
096669275.jpg,d9
098161040.jpg,d9
098177804.jpg,d9
098396491.jpg,d6
098527213.jpg,d9
098672150.jpg,d3
0987988949.jpg,d3
100385059.jpg,d5
100808503.jpg,d8
101094650.jpg,d1
101587402.jpg,d8
1035342579.jpg,d4
103725791.jpg,d8
103884240.jpg,d7
103923247.jpg,d3
105209618.jpg,d1
105797607.jpg,d8
106511699.jpg,d8
106595155.jpg,d9
106986089.jpg,d9
107492151.jpg,d8
107556259.jpg,d9
1076674737.jpg,d6
107670708.jpg,d8
108133142.jpg,d8
108270308.jpg,d9
108712132.jpg,d8
109113515.jpg,d3
1092203992.jpg,d1
1094499867.jpg,d3
109486460.jpg,d9
1099074702.jpg,d3
110190059.jpg,d3
110196712.jpg,d8
1102206518.jpg,d3
110374018.jpg,d8
110708441.jpg,d3
1107538439.jpg,d3
110850564.jpg,d8
1114507425.jpg,d3
111776431.jpg,d8
1118891757.jpg,d1
112201995.jpg,d8
112246874.jpg,d3
112311594.jpg,d3
112326739.jpg,d8
1125671941.jpg,d1
112945835.jpg,d5
113046246.jpg,d3
113126093.jpg,d3
1137181117.jpg,d3
113961711.jpg,d9
1140481923.jpg,d3
114116984.jpg,d9
114294893.jpg,d9
114483822.jpg,d9
114863873.jpg,d9
1148895371.jpg,d3
115423190.jpg,d9
115540791.jpg,d9
115654535.jpg,d1
115805803.jpg,d9
115829647.jpg,d9
1159341814.jpg,d6
116042607.jpg,d9
116221628.jpg,d3
1166120090.jpg,d6
116695535.jpg,d8
116986516.jpg,d8
117358079.jpg,d8
117420286.jpg,d9
117521699.jpg,d3
118158441.jpg,d9
118165040.jpg,d9
118203464.jpg,d8
1182729852.jpg,d5
118317008.jpg,d8
118484798.jpg,d9
118712553.jpg,d8
118750977.jpg,d5
118751606.jpg,d9
118905908.jpg,d9
119172717.jpg,d9
119693907.jpg,d9
120063340.jpg,d8
1208062774.jpg,d6
121235883.jpg,d9
121743595.jpg,d9
122044676.jpg,d9
122176884.jpg,d3
1224981923.jpg,d3
122565884.jpg,d9
122671328.jpg,d9
1231926288.jpg,d3
123313460.jpg,d8
123376855.jpg,d9
123596994.jpg,d9
123888975.jpg,d9
123903619.jpg,d3
1245126292.jpg,d3
125193154.jpg,d7
126098071.jpg,d9
126594534.jpg,d8
126834770.jpg,d9
127156779.jpg,d9
127445788.jpg,d9
127519061.jpg,d3
1279300791.jpg,d3
128289080.jpg,d8
128777770.jpg,d9
129083978.jpg,d8
129341733.jpg,d9
129488422.jpg,d3
1295949669.jpg,d5
129649080.jpg,d3
129681896.jpg,d7
130094389.jpg,d5
130337655.jpg,d9
130354312.jpg,d3
130443712.jpg,d8
130589833.jpg,d7
130616522.jpg,d7
130848865.jpg,d3
1310657022.jpg,d3
1311658936.jpg,d3
132390386.jpg,d8
132441399.jpg,d9
133241773.jpg,d7
133266217.jpg,d8
133602377.jpg,d3
134081492.jpg,d3
134127770.jpg,d9
134247440.jpg,d9
1343150200.jpg,d3
134524237.jpg,d8
134623226.jpg,d8
134874284.jpg,d5
134894812.jpg,d8
1353954946.jpg,d5
135447751.jpg,d7
1355700512.jpg,d3
1359989489.jpg,d7
136074646.jpg,d7
136108205.jpg,d3
1361745057.jpg,d3
136189380.jpg,d3
136606452.jpg,d9
136654697.jpg,d3
1366858474.jpg,d7
1367164750.jpg,d5
136817515.jpg,d3
136941172.jpg,d3
137971273.jpg,d8
138165103.jpg,d8
1382277227.jpg,d7
138372626.jpg,d7
138678172.jpg,d8
138882916.jpg,d3
1392833983.jpg,d5
139662208.jpg,d9
139716657.jpg,d9
139733121.jpg,d8
140269694.jpg,d7
140374358.jpg,d3
1408708058.jpg,d7
141052357.jpg,d8
141929411.jpg,d3
1421652752.jpg,d4
142554265.jpg,d9
143222184.jpg,d9
143372722.jpg,d9
1434982667.jpg,d5
143976246.jpg,d3
145104285.jpg,d9
145520153.jpg,d8
145537863.jpg,d9
146113564.jpg,d9
146807335.jpg,d9
147139317.jpg,d9
147262617.jpg,d3
147766161.jpg,d1
1477838351.jpg,d3
147865002.jpg,d9
148434060.jpg,d4
1491029865.jpg,d7
149369535.jpg,d9
149413244.jpg,d9
1495578233.jpg,d7
149936513.jpg,d7
150012273.jpg,d9
150134584.jpg,d8
150469113.jpg,d9
150509750.jpg,d9
1506457920.jpg,d3
150648037.jpg,d4
150747968.jpg,d9
151050050.jpg,d9
151326946.jpg,d1
1515175205.jpg,d6
151672593.jpg,d3
151799294.jpg,d9
152066996.jpg,d8
1521972246.jpg,d3
152242512.jpg,d9
1524307803.jpg,d8
152585104.jpg,d3
152605804.jpg,d3
152645906.jpg,d9
152828572.jpg,d7
1531492448.jpg,d4
1537627718.jpg,d7
153957659.jpg,d3
154209357.jpg,d9
1543686675.jpg,d3
154387844.jpg,d9
154551193.jpg,d4
1547103473.jpg,d5
154801398.jpg,d9
155589399.jpg,d9
155934608.jpg,d7
156054011.jpg,d8
156116041.jpg,d9
1561385437.jpg,d3
1563502236.jpg,d4
156352565.jpg,d8
1563811623.jpg,d3
156479164.jpg,d8
1567250515.jpg,d4
1568069165.jpg,d3
156863575.jpg,d2
156869133.jpg,d9
156870172.jpg,d5
156958964.jpg,d9
157536122.jpg,d9
158087142.jpg,d4
158111088.jpg,d4
158452498.jpg,d3
158798100.jpg,d8
1588018444.jpg,d3
159169554.jpg,d9
159197749.jpg,d9
1594818638.jpg,d3
159967927.jpg,d7
160194686.jpg,d9
160357996.jpg,d8
160614996.jpg,d8
160670277.jpg,d9
161125902.jpg,d9
161425987.jpg,d9
1614292063.jpg,d3
161729430.jpg,d3
162543946.jpg,d9
162692093.jpg,d9
162697320.jpg,d9
163221945.jpg,d8
1634410941.jpg,d7
163529802.jpg,d7
163610935.jpg,d9
163709265.jpg,d8
163742133.jpg,d8
1638431745.jpg,d4
164022346.jpg,d8
164347080.jpg,d3
164643546.jpg,d2
1647580009.jpg,d3
165015009.jpg,d8
1650891816.jpg,d3
165114479.jpg,d9
165193666.jpg,d8
1653360995.jpg,d3
165454337.jpg,d8
165965647.jpg,d8
165982701.jpg,d9
166205882.jpg,d3
1664515244.jpg,d3
166939536.jpg,d8
167486224.jpg,d9
167730908.jpg,d9
168423461.jpg,d8
169936977.jpg,d8
170009331.jpg,d3
1704899374.jpg,d7
170980401.jpg,d9
171023687.jpg,d9
171389884.jpg,d3
171395327.jpg,d2
171544897.jpg,d9
171650431.jpg,d9
1720720521.jpg,d3
172337350.jpg,d9
172551841.jpg,d8
172602865.jpg,d9
172727309.jpg,d8
172830803.jpg,d7
173087863.jpg,d9
173152985.jpg,d7
173608502.jpg,d5
174117871.jpg,d3
174253395.jpg,d3
174278091.jpg,d3
174611597.jpg,d8
174641246.jpg,d9
174757831.jpg,d9
175813701.jpg,d7
1760695530.jpg,d3
176145782.jpg,d9
1763330601.jpg,d7
176448455.jpg,d3
176492789.jpg,d7
176757802.jpg,d9
1770039796.jpg,d7
177194213.jpg,d8
177870546.jpg,d3
1778860801.jpg,d7
178042089.jpg,d9
178156523.jpg,d2
178203422.jpg,d8
178486678.jpg,d8
178516594.jpg,d8
178838504.jpg,d2
178864667.jpg,d9
178883122.jpg,d8
1789410486.jpg,d3
179229957.jpg,d8
1792939041.jpg,d3
1793435114.jpg,d3
179364060.jpg,d9
179488724.jpg,d8
1796210679.jpg,d2
179718969.jpg,d8
181005379.jpg,d9
181149751.jpg,d9
181330422.jpg,d8
181370524.jpg,d9
181425208.jpg,d8
181628533.jpg,d9
181934966.jpg,d9
181991515.jpg,d9
1820418126.jpg,d7
183207711.jpg,d7
183287183.jpg,d8
1837187110.jpg,d7
1846128374.jpg,d3
185210226.jpg,d9
185268419.jpg,d9
185685562.jpg,d9
185712760.jpg,d7
185789639.jpg,d9
1859349280.jpg,d3
1863364618.jpg,d3
186390627.jpg,d3
186815173.jpg,d3
187127254.jpg,d9
187465491.jpg,d9
1877364625.jpg,d3
187738111.jpg,d9
1879864819.jpg,d3
188316688.jpg,d7
188317617.jpg,d9
189403823.jpg,d8
189473687.jpg,d3
189718279.jpg,d3
189753242.jpg,d9
189936318.jpg,d3
1899414109.jpg,d8
190212616.jpg,d7
190455059.jpg,d9
1905583066.jpg,d7
190603606.jpg,d9
1906293395.jpg,d3
190684442.jpg,d3
190733804.jpg,d3
1909762671.jpg,d3
190979502.jpg,d9
191533276.jpg,d9
1921122562.jpg,d1
192229319.jpg,d9
192365554.jpg,d9
192740627.jpg,d8
192891266.jpg,d8
192956277.jpg,d8
192979811.jpg,d4
193062608.jpg,d3
193241266.jpg,d3
193551490.jpg,d9
1936846290.jpg,d3
1937625742.jpg,d3
193930400.jpg,d9
194002710.jpg,d7
1940855559.jpg,d9
194262481.jpg,d9
194507164.jpg,d8
194590600.jpg,d9
194617399.jpg,d9
194829285.jpg,d8
194874491.jpg,d7
194952357.jpg,d8
195169688.jpg,d7
195319057.jpg,d9
195434791.jpg,d9
195665154.jpg,d3
1956870012.jpg,d3
195945719.jpg,d8
196169040.jpg,d8
1962653921.jpg,d6
1962670007.jpg,d3
196680060.jpg,d3
1966807989.jpg,d7
196745172.jpg,d9
196796284.jpg,d9
197341515.jpg,d7
197505695.jpg,d3
197820205.jpg,d7
197847069.jpg,d8
197925626.jpg,d8
1980268850.jpg,d3
198150586.jpg,d9
198248627.jpg,d8
198421151.jpg,d3
198537834.jpg,d1
198661596.jpg,d9
199283504.jpg,d8
199363461.jpg,d8
1993983488.jpg,d3
1997948043.jpg,d3
199869815.jpg,d8
200039080.jpg,d9
200450171.jpg,d9
200664814.jpg,d3
200729926.jpg,d8
2010097629.jpg,d3
201051937.jpg,d8
2010858256.jpg,d3
2013089063.jpg,d3
2013546806.jpg,d3
201480180.jpg,d9
201589449.jpg,d6
2017793781.jpg,d6
201842480.jpg,d3
201901390.jpg,d9
2020004505.jpg,d6
202223472.jpg,d9
2022812158.jpg,d3
2026867813.jpg,d3
202712261.jpg,d9
203268368.jpg,d6
203347915.jpg,d9
203372802.jpg,d8
203561276.jpg,d9
2039581341.jpg,d3
204172266.jpg,d3
2049721325.jpg,d1
205069679.jpg,d7
2051941331.jpg,d1
205249066.jpg,d9
205907891.jpg,d3
2059165661.jpg,d3
206378264.jpg,d9
206433377.jpg,d9
206450041.jpg,d3
206822367.jpg,d7
206874710.jpg,d9
206955575.jpg,d8
207111376.jpg,d9
207227030.jpg,d3
207387676.jpg,d3
207590286.jpg,d8
207601545.jpg,d3
207766668.jpg,d9
208494008.jpg,d4
209030575.jpg,d9
209178628.jpg,d8
209557483.jpg,d7
209663027.jpg,d8
209771152.jpg,d9
209878493.jpg,d1
210003253.jpg,d9
210119997.jpg,d9
210515453.jpg,d3
2105399557.jpg,d1
2106309177.jpg,d3
210682243.jpg,d9
210973028.jpg,d3
211326444.jpg,d9
212429340.jpg,d7
212497752.jpg,d8
212705367.jpg,d9
212727826.jpg,d9
212800822.jpg,d8
212931460.jpg,d7
213197369.jpg,d7
213222803.jpg,d3
2137240133.jpg,d1
214037630.jpg,d3
2140561048.jpg,d1
214203215.jpg,d7
2142466676.jpg,d3
214572067.jpg,d3
214883257.jpg,d9
214914994.jpg,d8
215115348.jpg,d9
215355025.jpg,d9
2156486482.jpg,d3
215725359.jpg,d3
215894348.jpg,d9
216677713.jpg,d9
217820465.jpg,d6
218401719.jpg,d8
219323908.jpg,d8
220718227.jpg,d3
221005564.jpg,d9
221085297.jpg,d7
2212817437.jpg,d5
221464007.jpg,d7
221526884.jpg,d8
221563917.jpg,d9
221960553.jpg,d9
221984884.jpg,d8
221990772.jpg,d5
221998000.jpg,d9
222310753.jpg,d5
222885029.jpg,d9
2231348422.jpg,d5
2234218326.jpg,d1
223487330.jpg,d8
223536317.jpg,d1
223577740.jpg,d3
223643854.jpg,d5
223654139.jpg,d9
224487702.jpg,d5
2246932845.jpg,d3
225125893.jpg,d9
225130040.jpg,d8
225383470.jpg,d7
225759145.jpg,d7
225759557.jpg,d5
225894669.jpg,d9
226089236.jpg,d7
226230214.jpg,d3
2264294234.jpg,d3
226573771.jpg,d3
226590246.jpg,d1
226775813.jpg,d9
226863191.jpg,d1
226918122.jpg,d7
227100677.jpg,d5
227116339.jpg,d9
227251790.jpg,d8
227454124.jpg,d9
2277218652.jpg,d5
227735939.jpg,d5
2277524041.jpg,d3
227896904.jpg,d9
228225402.jpg,d7
228432758.jpg,d5
228546492.jpg,d7
228856647.jpg,d8
229163575.jpg,d9
229290162.jpg,d9
229406845.jpg,d8
229804191.jpg,d7
229880651.jpg,d9
229918855.jpg,d3
2300892087.jpg,d3
230272534.jpg,d9
230493556.jpg,d9
230570008.jpg,d9
2306837422.jpg,d5
2307343810.jpg,d3
230968081.jpg,d3
231400628.jpg,d9
231595815.jpg,d9
2319168338.jpg,d5
232055432.jpg,d9
2322389145.jpg,d5
232308378.jpg,d1
2324669539.jpg,d5
232896288.jpg,d7
233186660.jpg,d3
233397277.jpg,d3
233664440.jpg,d9
233723351.jpg,d3
234003295.jpg,d9
2342579706.jpg,d3
234358103.jpg,d3
234425804.jpg,d3
234997531.jpg,d9
235482639.jpg,d9
235758985.jpg,d9
236170967.jpg,d9
236172658.jpg,d5
236705721.jpg,d5
238265337.jpg,d3
238335799.jpg,d9
238398646.jpg,d8
238598273.jpg,d7
238787555.jpg,d9
2388198569.jpg,d3
238890199.jpg,d9
2393123893.jpg,d8
239843356.jpg,d9
240094945.jpg,d4
240682583.jpg,d9
240958421.jpg,d8
241280522.jpg,d3
241358404.jpg,d9
241427834.jpg,d8
241603132.jpg,d9
241669512.jpg,d9
241686089.jpg,d3
241938824.jpg,d3
242025213.jpg,d9
242347433.jpg,d8
242475300.jpg,d7
242520967.jpg,d9
2430545884.jpg,d3
243055823.jpg,d9
243376433.jpg,d9
243390935.jpg,d8
243533378.jpg,d3
243620179.jpg,d9
243783058.jpg,d7
243798491.jpg,d7
243811135.jpg,d8
243852948.jpg,d9
243912368.jpg,d8
2439712656.jpg,d3
244083698.jpg,d8
2443942663.jpg,d3
244589144.jpg,d3
244592487.jpg,d9
2446806192.jpg,d3
244775738.jpg,d8
244971379.jpg,d3
244978934.jpg,d8
2451271319.jpg,d3
245154611.jpg,d5
245270265.jpg,d7
245316689.jpg,d3
2453616674.jpg,d5
2456046885.jpg,d3
2459277799.jpg,d3
245954883.jpg,d8
246075813.jpg,d9
246287431.jpg,d3
246557319.jpg,d8
246815217.jpg,d9
247026193.jpg,d8
2471308375.jpg,d3
247137328.jpg,d9
247236337.jpg,d8
247440071.jpg,d9
2479075043.jpg,d7
248367606.jpg,d5
248672173.jpg,d3
248730842.jpg,d9
2488866164.jpg,d5
249009636.jpg,d9
249024130.jpg,d3
2492645738.jpg,d3
249317861.jpg,d9
249620647.jpg,d3
2497690172.jpg,d3
2500894603.jpg,d7
250351792.jpg,d8
250776926.jpg,d9
252448544.jpg,d9
253683916.jpg,d8
254156397.jpg,d7
254244469.jpg,d9
255358377.jpg,d3
255393010.jpg,d8
255663821.jpg,d3
256141939.jpg,d8
256539719.jpg,d8
256680358.jpg,d7
256794112.jpg,d3
257471011.jpg,d3
2575875554.jpg,d3
258132263.jpg,d9
258282002.jpg,d8
2583879478.jpg,d4
258511255.jpg,d9
258750183.jpg,d9
259026216.jpg,d8
2597674896.jpg,d7
260240234.jpg,d9
2602671247.jpg,d3
260353997.jpg,d8
260530710.jpg,d9
2607903202.jpg,d8
260844987.jpg,d8
2611125729.jpg,d7
261134360.jpg,d9
261622159.jpg,d9
261901050.jpg,d9
262169635.jpg,d3
2622056703.jpg,d3
262535702.jpg,d9
262771864.jpg,d6
262794469.jpg,d3
2629478221.jpg,d3
2632598037.jpg,d3
2633080801.jpg,d2
263450339.jpg,d9
263484388.jpg,d8
263551170.jpg,d9
263723058.jpg,d9
263872368.jpg,d9
263887760.jpg,d8
263938893.jpg,d9
2639713572.jpg,d7
263986822.jpg,d8
264130358.jpg,d7
264173379.jpg,d3
264256218.jpg,d9
264298913.jpg,d5
2646493465.jpg,d7
264653151.jpg,d9
2654050508.jpg,d4
265778226.jpg,d7
265883060.jpg,d9
266576073.jpg,d2
266949720.jpg,d9
267001659.jpg,d7
267191956.jpg,d9
2672695360.jpg,d3
267279711.jpg,d9
267302011.jpg,d3
267385355.jpg,d9
267425607.jpg,d3
267561141.jpg,d8
267674887.jpg,d3
267746708.jpg,d3
267748546.jpg,d3
267881821.jpg,d8
2680104127.jpg,d3
268441276.jpg,d9
268806565.jpg,d8
2689230392.jpg,d2
269033996.jpg,d2
269046102.jpg,d9
269062264.jpg,d9
269163676.jpg,d8
269179310.jpg,d8
269198918.jpg,d9
269542686.jpg,d9
2696170284.jpg,d4
269652445.jpg,d7
269658120.jpg,d9
269774267.jpg,d9
269917152.jpg,d9
270423019.jpg,d8
270501411.jpg,d3
270509515.jpg,d9
271104462.jpg,d3
271332844.jpg,d3
271625552.jpg,d8
272045553.jpg,d8
272201051.jpg,d9
2723502065.jpg,d3
272434543.jpg,d9
272540287.jpg,d9
272567753.jpg,d8
2726723972.jpg,d3
273227006.jpg,d9
273739296.jpg,d3
273806988.jpg,d9
275129738.jpg,d9
2762709471.jpg,d2
276314448.jpg,d8
276423037.jpg,d7
276629511.jpg,d9
276735255.jpg,d9
2768674556.jpg,d3
277446648.jpg,d3
277949192.jpg,d9
2779688664.jpg,d2
278018193.jpg,d9
278058799.jpg,d3
278271473.jpg,d3
2790648351.jpg,d1
279330101.jpg,d9
279443845.jpg,d9
280174223.jpg,d3
280176392.jpg,d8
280319535.jpg,d8
280635625.jpg,d9
280678979.jpg,d9
280697380.jpg,d8
2809958466.jpg,d7
2811528248.jpg,d2
281199087.jpg,d3
281358844.jpg,d8
281365309.jpg,d2
281641616.jpg,d3
281756191.jpg,d8
282592068.jpg,d3
283141669.jpg,d9
283203721.jpg,d9
2835013964.jpg,d3
283737524.jpg,d9
283927184.jpg,d8
2839833987.jpg,d3
284076429.jpg,d9
284107639.jpg,d3
284262740.jpg,d9
284669227.jpg,d3
284687439.jpg,d8
2847186470.jpg,d2
285023264.jpg,d3
285155203.jpg,d8
285285338.jpg,d8
2853786173.jpg,d7
285396400.jpg,d9
285466873.jpg,d9
2855452749.jpg,d3
285594751.jpg,d9
285800395.jpg,d2
285896548.jpg,d8
285918620.jpg,d8
285964348.jpg,d9
2862321735.jpg,d3
286300163.jpg,d9
286468740.jpg,d8
286621173.jpg,d8
286898975.jpg,d9
287079930.jpg,d8
287172131.jpg,d2
287245348.jpg,d9
2875919485.jpg,d2
287646649.jpg,d9
287870102.jpg,d9
288251665.jpg,d6
288380400.jpg,d7
288973990.jpg,d8
289134366.jpg,d9
289203091.jpg,d8
289286524.jpg,d9
289374646.jpg,d7
2896638559.jpg,d7
2902405742.jpg,d7
290422369.jpg,d8
291004224.jpg,d3
291449088.jpg,d3
2920334992.jpg,d3
292512389.jpg,d8
2925361446.jpg,d3
292811440.jpg,d6
292976564.jpg,d9
293134532.jpg,d6
2941306789.jpg,d6
294536440.jpg,d9
294719488.jpg,d9
294751711.jpg,d8
294852122.jpg,d8
294925339.jpg,d9
296277295.jpg,d3
296300405.jpg,d3
296804939.jpg,d9
296889295.jpg,d9
2971631947.jpg,d3
297354637.jpg,d9
297552183.jpg,d7
2976656272.jpg,d6
298023526.jpg,d9
298047160.jpg,d1
298248537.jpg,d9
298526172.jpg,d8
299606483.jpg,d6
299732026.jpg,d8
299845726.jpg,d9
299929564.jpg,d6
300479939.jpg,d1
301110584.jpg,d8
301339481.jpg,d8
301641492.jpg,d3
301721804.jpg,d1
3019649357.jpg,d3
3022872274.jpg,d3
302652463.jpg,d8
3028653485.jpg,d4
303268355.jpg,d9
3033176464.jpg,d6
303443925.jpg,d8
3038457009.jpg,d3
304243399.jpg,d5
304268853.jpg,d8
304747833.jpg,d8
3047643081.jpg,d5
305425752.jpg,d8
305703317.jpg,d6
305936742.jpg,d1
307100711.jpg,d9
3073725976.jpg,d1
307861377.jpg,d8
308033104.jpg,d9
3092273590.jpg,d6
309365295.jpg,d9
309618040.jpg,d5
310054883.jpg,d8
310089988.jpg,d9
3105593307.jpg,d8
310824867.jpg,d1
310938149.jpg,d9
311261421.jpg,d9
311378327.jpg,d9
311905171.jpg,d3
3121192150.jpg,d5
312277872.jpg,d8
312533875.jpg,d8
312699966.jpg,d9
312863048.jpg,d9
3131677915.jpg,d3
313278926.jpg,d5
313381680.jpg,d1
313533037.jpg,d9
313656791.jpg,d9
313854258.jpg,d3
3138891343.jpg,d5
313921047.jpg,d9
314039815.jpg,d4
314212348.jpg,d8
314244028.jpg,d9
3142908930.jpg,d3
314508835.jpg,d8
314590027.jpg,d5
314598864.jpg,d9
314727624.jpg,d8
314733368.jpg,d8
314979882.jpg,d3
3157294055.jpg,d1
316085104.jpg,d8
316140225.jpg,d6
316259844.jpg,d9
316264089.jpg,d1
3164072248.jpg,d1
316883175.jpg,d5
316885576.jpg,d9
317320152.jpg,d9
317387234.jpg,d3
3175854414.jpg,d7
3177276778.jpg,d3
317809842.jpg,d9
318132943.jpg,d9
318436696.jpg,d9
318643133.jpg,d8
318710103.jpg,d9
3188884421.jpg,d3
319064153.jpg,d8
319488022.jpg,d9
319503666.jpg,d7
3198724311.jpg,d6
320203029.jpg,d9
320790595.jpg,d8
320791720.jpg,d9
320922648.jpg,d8
321094010.jpg,d9
321461729.jpg,d9
321515000.jpg,d3
3216929783.jpg,d5
321824039.jpg,d3
321982937.jpg,d9
322641864.jpg,d3
3230402262.jpg,d7
323328563.jpg,d3
3234322266.jpg,d7
3235121747.jpg,d3
323820208.jpg,d5
324212689.jpg,d8
324801470.jpg,d8
325192833.jpg,d9
325544760.jpg,d3
3260507785.jpg,d3
3263371220.jpg,d3
326405924.jpg,d7
326804906.jpg,d9
326916114.jpg,d8
327116677.jpg,d3
327216915.jpg,d3
327247215.jpg,d3
3273529590.jpg,d3
327581825.jpg,d9
327725205.jpg,d9
327841749.jpg,d9
327872788.jpg,d3
327975224.jpg,d9
330027421.jpg,d8
330065800.jpg,d9
330068236.jpg,d9
3304259771.jpg,d7
330443782.jpg,d9
330913977.jpg,d7
331171947.jpg,d8
331350502.jpg,d3
331401625.jpg,d3
331738514.jpg,d8
3317550786.jpg,d7
331773490.jpg,d3
3319128354.jpg,d3
332040846.jpg,d9
3320432654.jpg,d3
332210956.jpg,d9
332416422.jpg,d8
3326411842.jpg,d3
332721166.jpg,d8
332975684.jpg,d9
3330216290.jpg,d9
333175905.jpg,d9
333194442.jpg,d8
333501338.jpg,d9
333673452.jpg,d8
3340858734.jpg,d7
334429926.jpg,d7
334573862.jpg,d7
334687308.jpg,d3
334753309.jpg,d9
3348020429.jpg,d3
334832410.jpg,d9
335654997.jpg,d9
336080813.jpg,d7
3363042836.jpg,d5
336381042.jpg,d3
336436163.jpg,d7
336460607.jpg,d8
338087780.jpg,d9
338127980.jpg,d3
3382531607.jpg,d3
338576090.jpg,d3
338712534.jpg,d5
339319433.jpg,d4
339387081.jpg,d9
3394101910.jpg,d3
339808091.jpg,d8
340002583.jpg,d3
340647666.jpg,d9
341000957.jpg,d9
341604491.jpg,d4
3416219658.jpg,d3
341979647.jpg,d9
342371310.jpg,d4
342876844.jpg,d7
343108945.jpg,d7
343207666.jpg,d9
3433979541.jpg,d7
3447179355.jpg,d7
3450251414.jpg,d3
345265017.jpg,d3
345598399.jpg,d8
345867541.jpg,d9
3460055159.jpg,d5
346534460.jpg,d9
346999772.jpg,d3
347161214.jpg,d9
3473355974.jpg,d5
347714306.jpg,d9
348186205.jpg,d8
348494295.jpg,d3
349044515.jpg,d9
349096113.jpg,d8
3495655158.jpg,d5
349709402.jpg,d8
350053171.jpg,d9
350054123.jpg,d9
350199695.jpg,d8
350203359.jpg,d8
3502414230.jpg,d3
350319294.jpg,d8
350432958.jpg,d3
350475193.jpg,d9
3506653912.jpg,d4
350994141.jpg,d8
351376282.jpg,d8
352035099.jpg,d9
352390728.jpg,d9
352936482.jpg,d4
353226864.jpg,d2
3532838411.jpg,d3
3533288935.jpg,d3
353661733.jpg,d3
354206443.jpg,d9
3545038228.jpg,d3
354518307.jpg,d8
354685009.jpg,d9
354821711.jpg,d8
354828432.jpg,d9
354961514.jpg,d9
355193253.jpg,d3
355264287.jpg,d1
355429390.jpg,d8
355539525.jpg,d9
355544934.jpg,d9
355583236.jpg,d9
355598710.jpg,d2
3556144747.jpg,d3
355768722.jpg,d7
355840308.jpg,d9
355918380.jpg,d9
356189742.jpg,d3
3563898200.jpg,d7
356425244.jpg,d8
356596368.jpg,d4
356804246.jpg,d8
356840522.jpg,d9
3569365554.jpg,d3
3576000025.jpg,d7
357897709.jpg,d9
358047688.jpg,d9
358072566.jpg,d3
358247984.jpg,d9
3586586781.jpg,d5
358695171.jpg,d9
358872738.jpg,d8
359427429.jpg,d9
359707204.jpg,d9
360152112.jpg,d9
360285120.jpg,d8
3603908841.jpg,d8
360714257.jpg,d9
361324565.jpg,d3
361457685.jpg,d3
361587038.jpg,d7
361959319.jpg,d4
362370791.jpg,d2
3633282659.jpg,d7
363367080.jpg,d9
363693772.jpg,d8
363807257.jpg,d7
364065245.jpg,d3
364553926.jpg,d8
364932936.jpg,d7
365667760.jpg,d8
365876218.jpg,d8
366934173.jpg,d9
367150595.jpg,d8
367467133.jpg,d7
3676824243.jpg,d4
367961686.jpg,d8
3685963307.jpg,d3
3692743592.jpg,d3
369307421.jpg,d3
369649595.jpg,d8
369803678.jpg,d2
369820831.jpg,d9
3698294113.jpg,d3
3699788735.jpg,d3
370054543.jpg,d8
370288996.jpg,d8
370339019.jpg,d7
370594131.jpg,d9
370618677.jpg,d3
3708098847.jpg,d3
3708400193.jpg,d7
370867986.jpg,d9
370916121.jpg,d8
370982802.jpg,d9
371387595.jpg,d3
371465553.jpg,d8
371721462.jpg,d8
372042572.jpg,d2
372223908.jpg,d8
372356788.jpg,d3
372485176.jpg,d7
372714998.jpg,d3
372845006.jpg,d3
372880019.jpg,d7
3728813083.jpg,d3
372980422.jpg,d9
373212320.jpg,d8
3734882976.jpg,d3
373540936.jpg,d3
373556099.jpg,d8
3737233108.jpg,d7
373947471.jpg,d9
374349752.jpg,d8
3744686692.jpg,d3
374863937.jpg,d9
375077891.jpg,d9
375149914.jpg,d3
375484937.jpg,d9
375598771.jpg,d9
375903245.jpg,d3
376175680.jpg,d3
3762011248.jpg,d7
376449995.jpg,d9
376565659.jpg,d2
376799134.jpg,d7
3769101828.jpg,d3
377092215.jpg,d7
377824893.jpg,d9
377957101.jpg,d8
378135959.jpg,d8
378193625.jpg,d3
378194924.jpg,d3
378292667.jpg,d8
378389183.jpg,d3
3784273319.jpg,d3
378489397.jpg,d9
378737576.jpg,d3
379027918.jpg,d7
379272052.jpg,d9
379751831.jpg,d9
3802744116.jpg,d3
3805799781.jpg,d3
380752403.jpg,d3
381085584.jpg,d3
381354544.jpg,d8
3815965022.jpg,d3
382154918.jpg,d9
382257957.jpg,d9
382643708.jpg,d9
382775906.jpg,d3
3831676290.jpg,d1
383312617.jpg,d3
383656339.jpg,d8
384048872.jpg,d3
384238855.jpg,d9
384270552.jpg,d3
384427864.jpg,d9
384542328.jpg,d9
384915574.jpg,d9
385087882.jpg,d9
385759865.jpg,d9
385772206.jpg,d9
385863609.jpg,d9
3858817607.jpg,d3
3859881434.jpg,d7
386044051.jpg,d7
3866560627.jpg,d7
387025213.jpg,d8
387436434.jpg,d3
387888740.jpg,d8
3888720598.jpg,d3
389028759.jpg,d9
389044813.jpg,d9
389150977.jpg,d8
389167557.jpg,d9
3891731118.jpg,d7
389649769.jpg,d9
389652000.jpg,d7
390007100.jpg,d8
3901044228.jpg,d6
390284575.jpg,d8
390438750.jpg,d9
390528390.jpg,d8
390683402.jpg,d9
391289645.jpg,d9
391684099.jpg,d8
391790853.jpg,d3
391865976.jpg,d8
392185958.jpg,d8
392501826.jpg,d9
392607976.jpg,d1
3926329341.jpg,d3
392990636.jpg,d3
3931364885.jpg,d3
393667535.jpg,d3
394152946.jpg,d7
394312389.jpg,d3
394369491.jpg,d9
394471326.jpg,d5
394673944.jpg,d8
394817833.jpg,d9
3948333979.jpg,d3
394979410.jpg,d3
395231853.jpg,d7
3960505869.jpg,d1
3961099583.jpg,d3
396205684.jpg,d9
396714894.jpg,d9
396878730.jpg,d9
397081516.jpg,d8
397318215.jpg,d3
397399741.jpg,d9
397586060.jpg,d8
3976005040.jpg,d6
397910749.jpg,d8
398086649.jpg,d9
398102203.jpg,d3
398233840.jpg,d3
398311697.jpg,d3
3983705233.jpg,d2
398447225.jpg,d8
398461069.jpg,d3
398577459.jpg,d9
398721732.jpg,d9
398890687.jpg,d8
3989236956.jpg,d7
398949940.jpg,d9
3991041504.jpg,d3
399158398.jpg,d9
3995489287.jpg,d7
399570506.jpg,d8
400381617.jpg,d9
400390172.jpg,d8
4008113822.jpg,d1
401074160.jpg,d9
401125907.jpg,d8
401418049.jpg,d8
4014275035.jpg,d6
401439516.jpg,d9
401570624.jpg,d3
401846151.jpg,d9
401916513.jpg,d9
401951526.jpg,d9
402016968.jpg,d8
402216594.jpg,d9
402397351.jpg,d3
4031888040.jpg,d7
403246975.jpg,d8
403397513.jpg,d7
403510402.jpg,d9
403716733.jpg,d7
403869814.jpg,d6
404188276.jpg,d3
404298401.jpg,d9
404502965.jpg,d9
404667086.jpg,d8
404682720.jpg,d8
4048231553.jpg,d3
404977111.jpg,d9
405005801.jpg,d3
405209492.jpg,d9
405227410.jpg,d7
4052452660.jpg,d3
4052937104.jpg,d8
405438690.jpg,d6
405493713.jpg,d9
4055248110.jpg,d3
405834946.jpg,d3
405848421.jpg,d9
4059407803.jpg,d6
405999067.jpg,d8
406026498.jpg,d6
406161702.jpg,d9
406361429.jpg,d9
406414460.jpg,d9
406550512.jpg,d9
407131132.jpg,d1
4076276098.jpg,d6
4077962648.jpg,d3
407919526.jpg,d8
4080285455.jpg,d3
4085315152.jpg,d3
408767215.jpg,d9
409049114.jpg,d8
409087396.jpg,d9
409391069.jpg,d3
409408306.jpg,d9
409621253.jpg,d8
4098636168.jpg,d3
4099324739.jpg,d1
410645051.jpg,d5
410668515.jpg,d7
411349049.jpg,d8
412950057.jpg,d3
413522473.jpg,d9
414452503.jpg,d1
4145782474.jpg,d3
414843593.jpg,d9
415263574.jpg,d9
415785784.jpg,d7
415798676.jpg,d3
4161761652.jpg,d5
416369400.jpg,d7
417070153.jpg,d8
417486873.jpg,d9
417578619.jpg,d1
4176811538.jpg,d1
417957499.jpg,d7
418242608.jpg,d3
418319397.jpg,d9
418645099.jpg,d3
418721597.jpg,d9
419053699.jpg,d9
4191866973.jpg,d3
419732488.jpg,d8
420445452.jpg,d3
420513153.jpg,d9
421048907.jpg,d5
421111721.jpg,d8
4215699159.jpg,d5
421632049.jpg,d8
421745254.jpg,d9
422205975.jpg,d3
422370988.jpg,d5
422692090.jpg,d5
422794877.jpg,d8
423021605.jpg,d9
423162359.jpg,d3
423363441.jpg,d1
4233772054.jpg,d1
423392264.jpg,d9
423542813.jpg,d9
423742451.jpg,d7
423865195.jpg,d8
424074532.jpg,d7
424228490.jpg,d1
424685737.jpg,d9
424809411.jpg,d3
4251218934.jpg,d5
425130202.jpg,d9
425302337.jpg,d7
425402068.jpg,d9
425565956.jpg,d9
425723159.jpg,d9
425809883.jpg,d9
425837802.jpg,d9
425988448.jpg,d3
426150803.jpg,d3
426655357.jpg,d9
4267710913.jpg,d5
427025450.jpg,d9
4270941029.jpg,d5
427482184.jpg,d5
427530256.jpg,d8
427596628.jpg,d8
427798789.jpg,d5
4279380817.jpg,d1
428178225.jpg,d9
428473647.jpg,d7
429062953.jpg,d6
429141701.jpg,d9
4292185335.jpg,d3
429253919.jpg,d8
4293895531.jpg,d3
4294501044.jpg,d3
4295893818.jpg,d1
429596275.jpg,d7
429703441.jpg,d7
429752719.jpg,d9
430035422.jpg,d1
430178544.jpg,d3
4306995548.jpg,d9
430910789.jpg,d5
432003677.jpg,d9
432022132.jpg,d8
4322514301.jpg,d3
432624686.jpg,d9
4327579866.jpg,d3
433392604.jpg,d9
433405130.jpg,d9
433783586.jpg,d9
4339293394.jpg,d3
434173039.jpg,d9
434333606.jpg,d9
434432975.jpg,d9
4344418829.jpg,d8
434730420.jpg,d9
434807111.jpg,d9
434854804.jpg,d3
434855330.jpg,d9
4357541635.jpg,d5
436130864.jpg,d9
436245528.jpg,d7
436414780.jpg,d9
436634318.jpg,d7
437025790.jpg,d8
437660481.jpg,d9
4381970003.jpg,d3
438227233.jpg,d9
438356871.jpg,d9
438695216.jpg,d9
438993582.jpg,d7
439242960.jpg,d5
439528224.jpg,d3
439598718.jpg,d7
440074668.jpg,d8
440542235.jpg,d7
440753378.jpg,d9
440850799.jpg,d7
440918657.jpg,d3
4410664627.jpg,d3
441085659.jpg,d9
441396669.jpg,d8
441577102.jpg,d9
441685676.jpg,d8
4418478340.jpg,d8
442236208.jpg,d3
442257091.jpg,d3
442410403.jpg,d9
4427269472.jpg,d5
443060401.jpg,d3
4430899773.jpg,d3
443336779.jpg,d9
443468977.jpg,d8
4435726117.jpg,d3
4436263570.jpg,d3
443731722.jpg,d8
443802573.jpg,d9
443882855.jpg,d3
443947967.jpg,d3
443973564.jpg,d8
444163813.jpg,d3
444214937.jpg,d9
444608524.jpg,d9
444878184.jpg,d8
445028863.jpg,d8
445219732.jpg,d9
445333376.jpg,d3
4454887002.jpg,d6
445507742.jpg,d9
445526319.jpg,d8
445542462.jpg,d3
445754338.jpg,d8
446284563.jpg,d8
446313640.jpg,d7
446390207.jpg,d3
446467097.jpg,d9
446636721.jpg,d7
4468112154.jpg,d3
446865553.jpg,d9
447045916.jpg,d9
447130275.jpg,d8
447195554.jpg,d9
447225773.jpg,d9
447390608.jpg,d8
447670252.jpg,d6
447737881.jpg,d9
447889618.jpg,d8
448092751.jpg,d9
448330718.jpg,d9
4484629282.jpg,d3
448818629.jpg,d9
448837184.jpg,d8
449721190.jpg,d9
4498650297.jpg,d3
449892113.jpg,d8
449918217.jpg,d7
450477070.jpg,d8
451311161.jpg,d8
4514248052.jpg,d3
451813895.jpg,d3
4520028045.jpg,d3
452005257.jpg,d3
452470505.jpg,d9
452991593.jpg,d9
4536066193.jpg,d7
4542252775.jpg,d6
454613057.jpg,d9
4549297210.jpg,d7
454941295.jpg,d1
455109265.jpg,d3
455687155.jpg,d8
455744265.jpg,d8
456287964.jpg,d8
4563985713.jpg,d2
456468400.jpg,d9
457182699.jpg,d9
458403071.jpg,d3
459205607.jpg,d7
4592392266.jpg,d3
460263957.jpg,d3
460308070.jpg,d8
460409019.jpg,d9
4605147534.jpg,d7
460807860.jpg,d9
4609100091.jpg,d1
4611068668.jpg,d3
461288225.jpg,d9
461409471.jpg,d8
461590413.jpg,d9
461685048.jpg,d3
461881594.jpg,d9
461958286.jpg,d9
462309506.jpg,d9
462820504.jpg,d9
462959595.jpg,d8
463188584.jpg,d9
463431514.jpg,d3
463482716.jpg,d9
463505450.jpg,d9
463514917.jpg,d8
4635386610.jpg,d3
4635573582.jpg,d8
463867483.jpg,d9
463903907.jpg,d8
463936068.jpg,d9
463984462.jpg,d7
464203238.jpg,d2
4650598026.jpg,d7
465359308.jpg,d3
465475770.jpg,d3
465511194.jpg,d4
465801422.jpg,d9
465848100.jpg,d9
465907966.jpg,d9
466039166.jpg,d3
4661457000.jpg,d3
466473842.jpg,d9
466696884.jpg,d9
4668941538.jpg,d3
4671171345.jpg,d3
467199300.jpg,d3
4672461108.jpg,d2
467390679.jpg,d9
467645307.jpg,d7
467796944.jpg,d9
4678116879.jpg,d7
468032409.jpg,d9
468081122.jpg,d8
468156243.jpg,d1
468521491.jpg,d9
468554710.jpg,d8
4685896063.jpg,d7
468977388.jpg,d7
469229546.jpg,d3
4692423006.jpg,d4
469313133.jpg,d2
469528608.jpg,d7
469824162.jpg,d3
4701380978.jpg,d2
470152798.jpg,d9
470178831.jpg,d8
470193595.jpg,d3
470261397.jpg,d3
470294908.jpg,d8
470672385.jpg,d9
4707055953.jpg,d3
470773788.jpg,d8
471533142.jpg,d9
4718059961.jpg,d2
471831697.jpg,d9
471945131.jpg,d9
472111533.jpg,d9
472150160.jpg,d8
472260994.jpg,d9
472277432.jpg,d7
472410575.jpg,d7
472466441.jpg,d3
4725709854.jpg,d4
472956224.jpg,d8
472998029.jpg,d3
473381340.jpg,d8
473381976.jpg,d9
4738021869.jpg,d1
4743746389.jpg,d7
474456646.jpg,d9
474462480.jpg,d9
4746049494.jpg,d3
474802358.jpg,d8
4749507604.jpg,d3
475041592.jpg,d9
475174802.jpg,d3
475563702.jpg,d8
476042402.jpg,d9
476161391.jpg,d9
476374873.jpg,d9
476487317.jpg,d9
4765106487.jpg,d8
476885893.jpg,d8
476909537.jpg,d3
476930577.jpg,d8
477065336.jpg,d9
4771975463.jpg,d3
477676346.jpg,d8
477746248.jpg,d9
478196348.jpg,d9
478617556.jpg,d9
479569841.jpg,d9
4801704232.jpg,d3
480247293.jpg,d9
480325545.jpg,d8
4804302882.jpg,d2
480638205.jpg,d9
480934659.jpg,d9
481005979.jpg,d8
481306124.jpg,d9
481549675.jpg,d9
481604798.jpg,d9
482199895.jpg,d6
4824109956.jpg,d7
482730040.jpg,d8
483043121.jpg,d8
483044665.jpg,d9
483212986.jpg,d7
483654319.jpg,d8
483691572.jpg,d9
4837339961.jpg,d7
484037217.jpg,d9
4840901645.jpg,d2
484516009.jpg,d9
484537620.jpg,d2
484693421.jpg,d8
484854884.jpg,d3
484913573.jpg,d9
485458317.jpg,d8
485727185.jpg,d8
485916422.jpg,d8
486771319.jpg,d3
487116975.jpg,d8
487143851.jpg,d9
487507357.jpg,d9
4878426294.jpg,d3
487874225.jpg,d7
488001881.jpg,d3
488066769.jpg,d8
4882169470.jpg,d7
488236760.jpg,d9
488445779.jpg,d8
4885779777.jpg,d2
489092433.jpg,d2
489122688.jpg,d8
4892559961.jpg,d6
489369960.jpg,d3
4894025047.jpg,d8
489585883.jpg,d9
489757750.jpg,d8
489801478.jpg,d9
489827112.jpg,d3
489989799.jpg,d9
489997079.jpg,d9
490046461.jpg,d8
490092608.jpg,d9
490117335.jpg,d9
490242108.jpg,d9
490249535.jpg,d8
4904839155.jpg,d2
490638525.jpg,d9
491706904.jpg,d3
492465302.jpg,d8
492466713.jpg,d6
4924829762.jpg,d6
492861686.jpg,d3
494329841.jpg,d3
494489946.jpg,d8
494652584.jpg,d9
494968956.jpg,d8
495289338.jpg,d9
495570357.jpg,d6
4964752752.jpg,d3
496751771.jpg,d6
496954165.jpg,d3
4969717399.jpg,d3
497081862.jpg,d6
498197506.jpg,d8
498676718.jpg,d9
4989987086.jpg,d6
499167133.jpg,d3
499236224.jpg,d9
499469171.jpg,d8
499858153.jpg,d8
5002106283.jpg,d1
500685173.jpg,d8
501029057.jpg,d8
501569062.jpg,d9
501781030.jpg,d8
502777170.jpg,d9
502970444.jpg,d9
5030674898.jpg,d9
503203525.jpg,d3
503555399.jpg,d1
505078824.jpg,d8
505177512.jpg,d8
505183688.jpg,d3
505598722.jpg,d8
505996088.jpg,d8
506599513.jpg,d8
5066056782.jpg,d5
506811713.jpg,d3
5078042665.jpg,d3
508081440.jpg,d5
508106184.jpg,d1
5086026388.jpg,d6
509262882.jpg,d8
509578526.jpg,d3
509643648.jpg,d6
510198974.jpg,d9
5102448269.jpg,d3
5102644141.jpg,d5
5102645545.jpg,d8
511260182.jpg,d9
5114234911.jpg,d3
511581402.jpg,d3
511649192.jpg,d9
5117455836.jpg,d3
512227152.jpg,d9
512581273.jpg,d9
512642225.jpg,d5
512766069.jpg,d1
512979273.jpg,d9
513606937.jpg,d3
514374926.jpg,d9
5143994804.jpg,d6
514560833.jpg,d9
514663997.jpg,d1
514676844.jpg,d8
514878470.jpg,d9
515108451.jpg,d9
515118657.jpg,d9
515513721.jpg,d9
5157107719.jpg,d6
515989342.jpg,d9
516014489.jpg,d3
516058286.jpg,d9
516481402.jpg,d9
516510833.jpg,d3
516537096.jpg,d9
516787378.jpg,d6
516943712.jpg,d3
516991114.jpg,d4
5170050423.jpg,d3
517115276.jpg,d5
5171721303.jpg,d3
517181369.jpg,d3
517221710.jpg,d7
517370398.jpg,d9
5176262640.jpg,d5
5177333281.jpg,d1
517792388.jpg,d8
517869277.jpg,d9
5181381237.jpg,d3
518438257.jpg,d5
518551091.jpg,d1
518603379.jpg,d9
5186850416.jpg,d3
518716113.jpg,d9
518930801.jpg,d8
5189593767.jpg,d5
519016571.jpg,d9
519098575.jpg,d6
519810700.jpg,d8
5201954538.jpg,d3
520263254.jpg,d9
5209979082.jpg,d3
521056717.jpg,d9
521186546.jpg,d8
5212100907.jpg,d8
521234564.jpg,d8
521429155.jpg,d7
521665236.jpg,d9
5216679276.jpg,d3
5218703198.jpg,d3
521930173.jpg,d9
522378998.jpg,d3
522387430.jpg,d9
523272824.jpg,d3
523558453.jpg,d9
523750606.jpg,d8
524152159.jpg,d9
524531051.jpg,d9
524558625.jpg,d8
524664369.jpg,d8
525209070.jpg,d9
5253054681.jpg,d3
525341288.jpg,d8
525473350.jpg,d9
525820068.jpg,d9
525954140.jpg,d9
525994340.jpg,d3
526598994.jpg,d9
526640275.jpg,d9
526901030.jpg,d8
5273815574.jpg,d9
527760349.jpg,d5
529110342.jpg,d9
529482800.jpg,d8
529551263.jpg,d3
529741264.jpg,d9
529768701.jpg,d8
5298634721.jpg,d3
530158770.jpg,d3
530294294.jpg,d7
5304491522.jpg,d7
530459391.jpg,d8
530618162.jpg,d9
5307403924.jpg,d3
530755675.jpg,d8
5308054046.jpg,d7
530938101.jpg,d9
530938144.jpg,d7
531925810.jpg,d9
5321914905.jpg,d3
532314553.jpg,d3
532589564.jpg,d9
532921606.jpg,d8
5329353401.jpg,d3
533042688.jpg,d3
533225111.jpg,d9
533259583.jpg,d5
533301042.jpg,d3
5333674427.jpg,d3
533746331.jpg,d3
533751017.jpg,d7
534019277.jpg,d3
5343622279.jpg,d7
534414140.jpg,d8
5346953083.jpg,d7
534805566.jpg,d9
534822130.jpg,d9
534905433.jpg,d8
534986978.jpg,d8
5351327416.jpg,d3
535197852.jpg,d8
535240875.jpg,d9
5355892149.jpg,d7
5358509752.jpg,d3
536355753.jpg,d8
536734915.jpg,d9
536763489.jpg,d9
537063216.jpg,d7
537469669.jpg,d9
537536226.jpg,d8
5379806797.jpg,d5
538191946.jpg,d9
538378266.jpg,d7
538427639.jpg,d8
538772740.jpg,d5
538859111.jpg,d9
538861702.jpg,d8
5388803769.jpg,d7
5389321031.jpg,d7
539015236.jpg,d3
539087956.jpg,d3
539503028.jpg,d9
540374790.jpg,d9
540654637.jpg,d9
541029544.jpg,d9
541164914.jpg,d9
5411758271.jpg,d5
5415205650.jpg,d4
542331556.jpg,d9
5428436467.jpg,d9
543226524.jpg,d8
5434038665.jpg,d5
543961163.jpg,d9
544969813.jpg,d8
545442731.jpg,d4
5454612955.jpg,d3
545819469.jpg,d4
546121440.jpg,d4
5462551848.jpg,d7
546594796.jpg,d9
546733194.jpg,d7
547046275.jpg,d7
547311993.jpg,d7
5475672753.jpg,d7
548438620.jpg,d8
549102348.jpg,d3
549430366.jpg,d9
549607891.jpg,d9
549737002.jpg,d8
549759738.jpg,d3
550027883.jpg,d9
550150183.jpg,d3
5502184533.jpg,d4
550334618.jpg,d4
550606463.jpg,d9
550711235.jpg,d9
5508746851.jpg,d3
551606063.jpg,d7
551762133.jpg,d3
551930594.jpg,d8
552085215.jpg,d3
552127433.jpg,d8
552535401.jpg,d9
552606225.jpg,d8
552934678.jpg,d9
553156545.jpg,d8
553266679.jpg,d3
553399987.jpg,d3
553645534.jpg,d9
554037955.jpg,d8
5540897537.jpg,d3
554143499.jpg,d8
554214512.jpg,d9
554313253.jpg,d9
5544024210.jpg,d4
554577533.jpg,d3
554658945.jpg,d8
554731471.jpg,d8
554817977.jpg,d9
554834443.jpg,d8
554991431.jpg,d9
555149088.jpg,d9
5557357036.jpg,d4
556210481.jpg,d9
556272288.jpg,d3
5566496390.jpg,d8
556709691.jpg,d3
556865135.jpg,d3
556874712.jpg,d4
556949225.jpg,d7
556974139.jpg,d9
5570200718.jpg,d3
5572661333.jpg,d3
5574419951.jpg,d7
558046449.jpg,d8
558154574.jpg,d9
558425339.jpg,d7
5584431625.jpg,d3
558477853.jpg,d9
558781336.jpg,d1
558832164.jpg,d3
559003517.jpg,d5
5591271516.jpg,d7
559509883.jpg,d8
5595525045.jpg,d3
559741587.jpg,d8
561205283.jpg,d7
561320927.jpg,d8
561809717.jpg,d8
5618264731.jpg,d7
562098846.jpg,d2
562486635.jpg,d8
562660161.jpg,d9
5631134899.jpg,d3
563245452.jpg,d8
5637667421.jpg,d3
563792379.jpg,d3
563992142.jpg,d9
5641381149.jpg,d3
5644344614.jpg,d3
564627906.jpg,d3
565282615.jpg,d9
565394815.jpg,d8
5658169132.jpg,d3
566194287.jpg,d9
567069276.jpg,d8
567205310.jpg,d9
5672665956.jpg,d7
567427368.jpg,d9
567530822.jpg,d2
567709864.jpg,d9
568391257.jpg,d8
568870267.jpg,d9
568912375.jpg,d8
569035556.jpg,d3
569072719.jpg,d3
569104719.jpg,d3
569557265.jpg,d9
569714368.jpg,d9
569760041.jpg,d2
570035720.jpg,d8
5701584846.jpg,d7
570537264.jpg,d7
570770607.jpg,d2
571192708.jpg,d8
571950555.jpg,d7
571973019.jpg,d2
572131918.jpg,d8
572430142.jpg,d9
572675606.jpg,d6
572730617.jpg,d8
573112182.jpg,d9
573523783.jpg,d8
573590172.jpg,d9
573605925.jpg,d9
573866068.jpg,d7
5740699151.jpg,d3
574197150.jpg,d7
574202893.jpg,d2
5743654716.jpg,d3
574432261.jpg,d3
574558907.jpg,d3
5747183601.jpg,d7
575163248.jpg,d8
575245826.jpg,d3
575669592.jpg,d8
575705036.jpg,d3
575749379.jpg,d9
5757669344.jpg,d3
5762963467.jpg,d2
576361167.jpg,d8
576684356.jpg,d8
576820772.jpg,d9
576991893.jpg,d8
577005337.jpg,d3
5773265574.jpg,d3
577552028.jpg,d9
578216521.jpg,d3
578222267.jpg,d9
578242893.jpg,d8
578322206.jpg,d7
578701277.jpg,d3
5787980902.jpg,d3
578863113.jpg,d8
579087144.jpg,d9
579309255.jpg,d9
579345821.jpg,d9
579408986.jpg,d3
579843275.jpg,d8
580345677.jpg,d9
580480658.jpg,d9
5805953925.jpg,d7
580702388.jpg,d8
580984182.jpg,d7
581048862.jpg,d9
581328627.jpg,d3
581394564.jpg,d8
581403151.jpg,d3
581930956.jpg,d3
581982564.jpg,d8
582081165.jpg,d8
582882163.jpg,d9
583010369.jpg,d8
5830114415.jpg,d7
5833192088.jpg,d3
583487099.jpg,d9
583590733.jpg,d3
583907607.jpg,d9
583965009.jpg,d3
5841117523.jpg,d3
5844348330.jpg,d3
584899471.jpg,d1
585193028.jpg,d9
585214884.jpg,d8
585509331.jpg,d7
585535995.jpg,d8
585880069.jpg,d9
5870076507.jpg,d4
587150957.jpg,d3
5873067199.jpg,d3
587755804.jpg,d9
588376914.jpg,d9
588886102.jpg,d8
589218193.jpg,d3
589712639.jpg,d9
5897594226.jpg,d3
5900690080.jpg,d3
590256545.jpg,d8
590259071.jpg,d9
590311666.jpg,d6
590754163.jpg,d9
5909996467.jpg,d1
591315789.jpg,d9
591434100.jpg,d1
5914408447.jpg,d6
5916675350.jpg,d1
592040434.jpg,d3
592096648.jpg,d9
5921278530.jpg,d2
592170170.jpg,d8
592251937.jpg,d8
592285555.jpg,d8
592320399.jpg,d8
592447988.jpg,d3
592606645.jpg,d3
5927323095.jpg,d3
592747761.jpg,d8
592757481.jpg,d8
5928729452.jpg,d9
592936790.jpg,d9
5930423802.jpg,d3
593317636.jpg,d8
593372525.jpg,d3
5934882694.jpg,d7
593621370.jpg,d3
5940427525.jpg,d6
5940864995.jpg,d3
594298080.jpg,d9
594421562.jpg,d9
594544067.jpg,d7
594809001.jpg,d3
594823845.jpg,d9
595145440.jpg,d3
595214295.jpg,d8
595524359.jpg,d8
595603007.jpg,d8
595658993.jpg,d8
596025288.jpg,d8
596049732.jpg,d3
5960947183.jpg,d3
596370925.jpg,d8
596449986.jpg,d9
596574722.jpg,d9
5965811858.jpg,d3
596838966.jpg,d9
596845431.jpg,d8
596960174.jpg,d3
597046875.jpg,d9
597525885.jpg,d9
597716741.jpg,d8
597886442.jpg,d9
597929286.jpg,d9
598176985.jpg,d7
598697195.jpg,d3
5987736376.jpg,d3
600009862.jpg,d9
600024506.jpg,d3
6004859395.jpg,d5
600497742.jpg,d7
600964749.jpg,d6
601048440.jpg,d9
601230049.jpg,d9
6013708459.jpg,d3
601434988.jpg,d7
6016355946.jpg,d3
601712415.jpg,d9
602259099.jpg,d9
602352590.jpg,d9
602624345.jpg,d9
602815421.jpg,d3
6028725036.jpg,d1
602935555.jpg,d9
603248647.jpg,d9
6033984441.jpg,d3
603481978.jpg,d6
603551300.jpg,d3
603975665.jpg,d3
603986244.jpg,d9
604387646.jpg,d9
604732956.jpg,d3
6047594220.jpg,d4
604898866.jpg,d9
605310975.jpg,d8
605753843.jpg,d9
605867387.jpg,d1
606176824.jpg,d9
606234481.jpg,d9
606234874.jpg,d7
6070481447.jpg,d7
607358399.jpg,d8
607714441.jpg,d9
607937676.jpg,d9
607979752.jpg,d3
608028326.jpg,d8
608136451.jpg,d7
6081410601.jpg,d3
608416316.jpg,d8
608458742.jpg,d3
608647751.jpg,d8
6087832951.jpg,d3
608912762.jpg,d7
6090855965.jpg,d3
609184235.jpg,d8
609187761.jpg,d9
609207779.jpg,d3
609296720.jpg,d6
609331843.jpg,d9
609358517.jpg,d3
609387676.jpg,d6
6094641517.jpg,d3
609574286.jpg,d9
609686751.jpg,d9
6097190696.jpg,d3
609737397.jpg,d8
609852031.jpg,d8
6098870200.jpg,d6
610894367.jpg,d3
610894759.jpg,d7
611316749.jpg,d7
6114214836.jpg,d1
612180938.jpg,d8
612259638.jpg,d9
6126019466.jpg,d3
612670648.jpg,d9
612687102.jpg,d3
6130239370.jpg,d3
613412939.jpg,d3
613583340.jpg,d8
613991729.jpg,d9
614412101.jpg,d9
614460593.jpg,d8
615798398.jpg,d8
616020399.jpg,d3
616956098.jpg,d8
617469533.jpg,d9
617781823.jpg,d9
618047522.jpg,d9
6183155772.jpg,d3
618393244.jpg,d3
6184189880.jpg,d3
618881124.jpg,d8
6189942345.jpg,d1
618997780.jpg,d8
619624825.jpg,d8
620097133.jpg,d9
620430576.jpg,d7
6205191510.jpg,d5
620680274.jpg,d3
620829386.jpg,d7
620863700.jpg,d3
620932020.jpg,d3
621081696.jpg,d1
621241667.jpg,d7
621284700.jpg,d3
621320224.jpg,d5
621775152.jpg,d9
6218763115.jpg,d3
6219414327.jpg,d7
6220588643.jpg,d3
622454535.jpg,d7
622557576.jpg,d3
623081031.jpg,d9
6232278039.jpg,d3
6234274115.jpg,d1
623592059.jpg,d7
623867357.jpg,d9
623975625.jpg,d1
624248101.jpg,d3
624383502.jpg,d9
624450403.jpg,d9
624758750.jpg,d3
624887038.jpg,d9
625110249.jpg,d9
625145225.jpg,d8
6254082467.jpg,d5
625533917.jpg,d8
625583585.jpg,d9
625615593.jpg,d3
625958051.jpg,d8
626223883.jpg,d1
627101791.jpg,d7
627113215.jpg,d7
627131594.jpg,d9
6272164352.jpg,d4
627325832.jpg,d9
627480953.jpg,d9
627680781.jpg,d7
627790088.jpg,d9
627878855.jpg,d9
628168721.jpg,d7
628240308.jpg,d9
6290681330.jpg,d5
629663489.jpg,d7
629763677.jpg,d1
629826798.jpg,d9
630352830.jpg,d9
630572648.jpg,d7
630795480.jpg,d9
631438731.jpg,d7
632555366.jpg,d9
632731822.jpg,d9
632800284.jpg,d9
633180000.jpg,d5
633487574.jpg,d9
634798655.jpg,d3
634823048.jpg,d9
634867019.jpg,d5
634973753.jpg,d7
635205864.jpg,d1
6359240402.jpg,d3
635943928.jpg,d9
636083926.jpg,d3
636464916.jpg,d9
636530320.jpg,d9
6365952263.jpg,d3
636943397.jpg,d9
637152935.jpg,d3
637275479.jpg,d3
637343360.jpg,d9
637640627.jpg,d9
637773925.jpg,d8
6378866892.jpg,d3
638012389.jpg,d9
6381997608.jpg,d3
638223245.jpg,d3
638392206.jpg,d9
6386132143.jpg,d5
638647813.jpg,d3
638665451.jpg,d9
638712935.jpg,d9
6387790545.jpg,d3
639041833.jpg,d9
6393811136.jpg,d5
639979124.jpg,d5
640024894.jpg,d8
640137537.jpg,d9
640645812.jpg,d3
6407595561.jpg,d3
641170378.jpg,d8
641196112.jpg,d8
641674011.jpg,d9
6417599589.jpg,d3
641904246.jpg,d3
642098505.jpg,d8
642205337.jpg,d9
642279968.jpg,d9
642296514.jpg,d8
6423022789.jpg,d3
642775424.jpg,d8
642881068.jpg,d3
642932081.jpg,d9
643253463.jpg,d8
6433670070.jpg,d3
6436322594.jpg,d9
643732253.jpg,d8
643732482.jpg,d3
6443728831.jpg,d7
644590608.jpg,d9
644798029.jpg,d7
6448047022.jpg,d3
644912718.jpg,d8
645027452.jpg,d3
645234999.jpg,d8
645290627.jpg,d9
645427233.jpg,d9
645669320.jpg,d9
6456849648.jpg,d7
645755997.jpg,d8
645823789.jpg,d7
645960482.jpg,d8
646195152.jpg,d9
646565329.jpg,d8
6471335060.jpg,d3
6472611962.jpg,d5
647407610.jpg,d3
647740986.jpg,d9
647901164.jpg,d8
648052087.jpg,d9
648167862.jpg,d3
648414970.jpg,d9
648546854.jpg,d9
6486632779.jpg,d5
649173506.jpg,d9
649173770.jpg,d7
649174905.jpg,d9
649480502.jpg,d3
649691688.jpg,d3
649703803.jpg,d9
650108730.jpg,d9
650383071.jpg,d7
650629748.jpg,d9
651561049.jpg,d3
652341111.jpg,d3
653125782.jpg,d8
653713656.jpg,d7
654045857.jpg,d7
654335300.jpg,d8
654856390.jpg,d3
6552741359.jpg,d3
655647481.jpg,d8
656318635.jpg,d9
6564646887.jpg,d3
656581482.jpg,d8
656839854.jpg,d9
6569621542.jpg,d3
657220206.jpg,d3
6580723073.jpg,d4
658551317.jpg,d9
6586670517.jpg,d7
659048495.jpg,d8
659427205.jpg,d8
6594447401.jpg,d7
660036640.jpg,d9
660313193.jpg,d9
660534915.jpg,d3
6606342835.jpg,d3
660997206.jpg,d8
6610046554.jpg,d7
661119041.jpg,d9
661169769.jpg,d3
661242171.jpg,d8
661369742.jpg,d9
661585637.jpg,d7
661630051.jpg,d8
661643274.jpg,d9
6616809591.jpg,d3
6617599187.jpg,d7
6617613609.jpg,d2
6619542842.jpg,d3
6620030408.jpg,d3
6624369370.jpg,d7
662815628.jpg,d7
662921462.jpg,d2
662970730.jpg,d9
662996594.jpg,d1
663087181.jpg,d8
663138720.jpg,d9
6631804403.jpg,d4
663223605.jpg,d9
663466948.jpg,d7
663611597.jpg,d9
663663492.jpg,d4
664266100.jpg,d8
664268349.jpg,d9
664576235.jpg,d7
664614967.jpg,d8
664658721.jpg,d8
6648793596.jpg,d5
664898526.jpg,d9
6650449265.jpg,d3
6652115551.jpg,d4
665319534.jpg,d9
665423378.jpg,d3
665447553.jpg,d9
666101097.jpg,d3
666249646.jpg,d9
666381844.jpg,d9
666605733.jpg,d9
666654190.jpg,d7
666760854.jpg,d9
667026555.jpg,d9
667027824.jpg,d7
667345781.jpg,d9
6673953889.jpg,d1
6674757117.jpg,d3
667841057.jpg,d8
667873398.jpg,d9
667954791.jpg,d3
669207267.jpg,d8
669313701.jpg,d8
669458245.jpg,d4
669686441.jpg,d3
669718277.jpg,d8
669824592.jpg,d9
669867296.jpg,d9
6699991324.jpg,d7
670018422.jpg,d9
6700834616.jpg,d2
670244134.jpg,d3
670320730.jpg,d9
6703589785.jpg,d3
670572151.jpg,d3
670848668.jpg,d8
670889822.jpg,d9
671018120.jpg,d3
6710376970.jpg,d3
6710914639.jpg,d4
671683378.jpg,d9
671905566.jpg,d9
672076806.jpg,d8
672194890.jpg,d9
672227677.jpg,d9
672555686.jpg,d3
672826246.jpg,d9
673406071.jpg,d9
673801957.jpg,d3
673918192.jpg,d8
674001928.jpg,d9
674246511.jpg,d8
674530582.jpg,d1
674539182.jpg,d3
6746432469.jpg,d2
675304471.jpg,d8
675473473.jpg,d7
675779947.jpg,d9
675882481.jpg,d9
676115562.jpg,d9
676229047.jpg,d9
6764292351.jpg,d4
676636782.jpg,d3
6777422266.jpg,d1
6781327694.jpg,d7
678216976.jpg,d9
678825986.jpg,d8
678841720.jpg,d3
679400843.jpg,d8
679723124.jpg,d8
679912133.jpg,d8
681090191.jpg,d9
681710833.jpg,d9
681949131.jpg,d9
6819666952.jpg,d3
6824250185.jpg,d2
682641708.jpg,d9
683062728.jpg,d8
6831939278.jpg,d6
683236001.jpg,d8
683383009.jpg,d8
683571918.jpg,d3
6836975723.jpg,d3
683771719.jpg,d9
683846020.jpg,d9
684087553.jpg,d9
684265875.jpg,d2
6843983190.jpg,d2
684408543.jpg,d3
684787321.jpg,d3
6849197539.jpg,d3
6852408454.jpg,d3
685243254.jpg,d9
685488915.jpg,d9
685764442.jpg,d9
685870906.jpg,d3
685943029.jpg,d8
6859763383.jpg,d2
686199368.jpg,d8
6863502454.jpg,d7
686678370.jpg,d8
687016195.jpg,d3
687169216.jpg,d7
687229470.jpg,d8
6874415461.jpg,d3
687512479.jpg,d6
687539723.jpg,d9
687567583.jpg,d3
687636944.jpg,d6
6876702278.jpg,d7
687740688.jpg,d9
687901451.jpg,d8
688072779.jpg,d8
688355359.jpg,d7
688551671.jpg,d8
688661814.jpg,d9
688794914.jpg,d8
688939935.jpg,d6
688975358.jpg,d9
689033358.jpg,d9
689112914.jpg,d9
689332082.jpg,d9
689401578.jpg,d6
689518649.jpg,d8
689854762.jpg,d8
689984995.jpg,d9
6903335159.jpg,d3
690468993.jpg,d7
690599811.jpg,d8
690864460.jpg,d3
6910004244.jpg,d9
691194967.jpg,d9
6915059589.jpg,d6
691821192.jpg,d6
691935656.jpg,d6
692516949.jpg,d9
692615080.jpg,d8
6928350594.jpg,d7
693006463.jpg,d3
693207401.jpg,d6
6933232452.jpg,d2
693570719.jpg,d9
6941652777.jpg,d7
694441049.jpg,d9
694596675.jpg,d9
694932739.jpg,d9
695033380.jpg,d3
695709917.jpg,d9
6960200070.jpg,d6
696304843.jpg,d6
696601319.jpg,d3
696824750.jpg,d8
696839338.jpg,d3
698003824.jpg,d9
698203442.jpg,d8
698376770.jpg,d8
698592614.jpg,d3
6989382943.jpg,d2
6996880319.jpg,d7
701021719.jpg,d8
701130306.jpg,d3
7016425062.jpg,d3
7024427686.jpg,d9
702930770.jpg,d5
703216866.jpg,d8
703723133.jpg,d8
7037379774.jpg,d1
7041599581.jpg,d3
704344803.jpg,d3
704423204.jpg,d8
704548968.jpg,d3
705649368.jpg,d4
706718574.jpg,d9
707876348.jpg,d3
7079346195.jpg,d5
708017742.jpg,d8
708834318.jpg,d1
709429265.jpg,d8
7095429090.jpg,d1
709917175.jpg,d8
710218628.jpg,d9
710370450.jpg,d9
710516974.jpg,d8
710607318.jpg,d3
710997337.jpg,d9
711376327.jpg,d9
7115745258.jpg,d5
7118451720.jpg,d3
711953507.jpg,d5
712001081.jpg,d9
712385598.jpg,d5
7125221713.jpg,d3
7128976064.jpg,d5
712952619.jpg,d8
7129774535.jpg,d3
7131027843.jpg,d1
713334162.jpg,d3
713777050.jpg,d8
713836616.jpg,d1
713883594.jpg,d3
713965802.jpg,d9
7141829766.jpg,d3
714247088.jpg,d3
714557222.jpg,d9
714661966.jpg,d3
715008422.jpg,d9
715429532.jpg,d8
715586422.jpg,d9
715844708.jpg,d9
715863401.jpg,d9
7160015449.jpg,d5
716165402.jpg,d9
7162637329.jpg,d3
716264221.jpg,d9
716430523.jpg,d9
716444267.jpg,d3
716590556.jpg,d5
716606290.jpg,d7
716741714.jpg,d3
716819513.jpg,d9
716891975.jpg,d3
717209146.jpg,d1
717567955.jpg,d8
718169408.jpg,d8
7182377201.jpg,d6
718687936.jpg,d8
718716700.jpg,d9
718826029.jpg,d9
718978165.jpg,d7
7195698016.jpg,d6
719655885.jpg,d8
720004143.jpg,d3
720479391.jpg,d9
721029419.jpg,d9
7211296871.jpg,d6
721540609.jpg,d9
721608699.jpg,d5
723100585.jpg,d9
723408051.jpg,d8
723689395.jpg,d3
7237105028.jpg,d3
723929059.jpg,d3
723936104.jpg,d9
7240335135.jpg,d3
724268295.jpg,d9
724711595.jpg,d3
724870404.jpg,d9
724960523.jpg,d3
725391514.jpg,d8
7254050583.jpg,d3
7256838133.jpg,d9
726216049.jpg,d9
7267372390.jpg,d3
727139955.jpg,d8
727498593.jpg,d3
728990409.jpg,d9
729156300.jpg,d9
7292457998.jpg,d3
729289318.jpg,d3
729312480.jpg,d9
729367173.jpg,d8
729518946.jpg,d8
729668308.jpg,d9
729701470.jpg,d7
729783062.jpg,d9
729834600.jpg,d8
730209537.jpg,d3
730672265.jpg,d9
730704001.jpg,d3
730725225.jpg,d3
731779832.jpg,d3
731986718.jpg,d9
732039277.jpg,d7
732161275.jpg,d8
732207799.jpg,d9
732216596.jpg,d7
732550285.jpg,d9
7327275067.jpg,d7
732730042.jpg,d8
733494586.jpg,d3
733972366.jpg,d9
733998000.jpg,d9
734069413.jpg,d8
734134524.jpg,d7
734462069.jpg,d3
734533720.jpg,d9
7346186496.jpg,d3
734645544.jpg,d7
7346804232.jpg,d3
735825087.jpg,d8
7359307412.jpg,d3
736429804.jpg,d9
736456321.jpg,d9
736785431.jpg,d9
7369309158.jpg,d5
737197813.jpg,d5
7372103576.jpg,d7
737241172.jpg,d9
737762360.jpg,d3
738154883.jpg,d8
738383480.jpg,d8
7385336480.jpg,d7
738843773.jpg,d8
738876924.jpg,d3
7388934918.jpg,d3
739193893.jpg,d8
7399720713.jpg,d3
740089780.jpg,d4
7401924245.jpg,d7
741251223.jpg,d7
741381861.jpg,d4
7414255250.jpg,d7
7414365646.jpg,d3
741539000.jpg,d5
7417722339.jpg,d7
741804315.jpg,d7
741953779.jpg,d8
742175895.jpg,d8
742581224.jpg,d7
742697968.jpg,d8
743040488.jpg,d9
743561698.jpg,d8
744232841.jpg,d9
744869685.jpg,d9
745199886.jpg,d9
7454888957.jpg,d4
745544122.jpg,d9
745892140.jpg,d9
7467909764.jpg,d5
747165874.jpg,d8
747486862.jpg,d3
748022945.jpg,d9
748465236.jpg,d8
7493083263.jpg,d3
749354926.jpg,d9
749756699.jpg,d4
749887238.jpg,d3
7500264630.jpg,d3
750178411.jpg,d9
750612862.jpg,d4
750669751.jpg,d8
750705275.jpg,d9
750712469.jpg,d9
7519681116.jpg,d3
751994804.jpg,d9
752069617.jpg,d7
752205797.jpg,d3
752262556.jpg,d7
7522814130.jpg,d8
752396190.jpg,d8
7525969288.jpg,d5
7525987697.jpg,d3
752779204.jpg,d8
753941647.jpg,d4
7540139779.jpg,d5
754143112.jpg,d7
754156677.jpg,d3
7541677141.jpg,d4
754362689.jpg,d3
754592967.jpg,d9
754629666.jpg,d1
7547128158.jpg,d3
754867113.jpg,d9
754890844.jpg,d3
754909413.jpg,d9
7550530505.jpg,d3
7550654013.jpg,d7
7553118342.jpg,d3
755445193.jpg,d7
755592370.jpg,d3
756442429.jpg,d3
756443555.jpg,d8
756569299.jpg,d3
756872728.jpg,d9
756932565.jpg,d9
757104919.jpg,d9
757237018.jpg,d8
757315873.jpg,d8
757485665.jpg,d9
757602264.jpg,d9
757674904.jpg,d8
757731761.jpg,d9
758152583.jpg,d9
758161743.jpg,d9
7583507527.jpg,d4
758427099.jpg,d9
758498296.jpg,d2
7586738532.jpg,d4
758755037.jpg,d9
758773594.jpg,d3
7589268833.jpg,d3
758977285.jpg,d8
759087118.jpg,d9
759366620.jpg,d8
759688648.jpg,d8
759757430.jpg,d9
760058071.jpg,d8
760762607.jpg,d9
761044440.jpg,d9
761177759.jpg,d3
761440524.jpg,d3
762239517.jpg,d8
762420972.jpg,d7
762719397.jpg,d9
763042060.jpg,d8
763102825.jpg,d3
763299608.jpg,d7
763317316.jpg,d9
763647994.jpg,d3
763794153.jpg,d3
763919849.jpg,d3
763938506.jpg,d8
763972686.jpg,d8
764374151.jpg,d3
765154413.jpg,d7
765268257.jpg,d2
765372532.jpg,d9
765546593.jpg,d9
765647067.jpg,d8
7656665338.jpg,d7
766326966.jpg,d8
766345676.jpg,d9
766630620.jpg,d8
7676048028.jpg,d3
767762701.jpg,d7
767830402.jpg,d3
7679517105.jpg,d3
7680762456.jpg,d3
7683737911.jpg,d3
768527491.jpg,d9
7697752639.jpg,d3
769932317.jpg,d9
769961915.jpg,d8
7701436864.jpg,d2
770265629.jpg,d9
7702890204.jpg,d3
770668000.jpg,d9
770739934.jpg,d8
770844677.jpg,d8
771001378.jpg,d8
771189153.jpg,d8
7712666881.jpg,d3
771490388.jpg,d7
772026132.jpg,d3
772056872.jpg,d9
772189516.jpg,d9
772601244.jpg,d2
7726381209.jpg,d3
7727835469.jpg,d7
772824404.jpg,d9
772945628.jpg,d9
773248226.jpg,d9
773594293.jpg,d9
7740965143.jpg,d7
774262029.jpg,d8
7749234911.jpg,d2
774973070.jpg,d9
775205051.jpg,d9
775705349.jpg,d9
775707605.jpg,d7
775732582.jpg,d3
775875689.jpg,d9
775930048.jpg,d2
776050451.jpg,d9
776312481.jpg,d8
776389282.jpg,d9
776393926.jpg,d8
776477504.jpg,d7
776590268.jpg,d8
776955500.jpg,d9
776979048.jpg,d8
7772253191.jpg,d7
777580420.jpg,d8
7776616616.jpg,d7
777714309.jpg,d7
777979412.jpg,d9
778037480.jpg,d7
778186841.jpg,d8
778288371.jpg,d9
778458422.jpg,d3
7785584906.jpg,d7
778592103.jpg,d9
778762975.jpg,d3
779083156.jpg,d3
7791087106.jpg,d7
779408842.jpg,d8
779687600.jpg,d9
779828843.jpg,d8
779965367.jpg,d3
780098208.jpg,d8
781114144.jpg,d9
7812660407.jpg,d3
781645032.jpg,d3
781693134.jpg,d9
781725070.jpg,d2
783247585.jpg,d9
783650979.jpg,d9
784228988.jpg,d3
7843434222.jpg,d7
784822432.jpg,d9
785808102.jpg,d9
786094049.jpg,d9
786110283.jpg,d9
7861343579.jpg,d3
786240491.jpg,d8
786513257.jpg,d8
786721493.jpg,d3
787246535.jpg,d9
7872573586.jpg,d3
787324320.jpg,d9
787734722.jpg,d3
787803030.jpg,d9
787822604.jpg,d8
787845937.jpg,d3
787936348.jpg,d3
7879510820.jpg,d3
788117782.jpg,d9
788483058.jpg,d9
788612336.jpg,d9
7886298014.jpg,d3
789369481.jpg,d7
789430894.jpg,d3
789473225.jpg,d2
789654366.jpg,d9
7899786713.jpg,d7
790042934.jpg,d9
790175142.jpg,d3
790205771.jpg,d3
790207217.jpg,d9
790230256.jpg,d8
7903494155.jpg,d3
790353790.jpg,d9
790484536.jpg,d8
790654924.jpg,d9
790794761.jpg,d8
790795006.jpg,d3
790828205.jpg,d8
790863328.jpg,d8
7908659004.jpg,d4
790988082.jpg,d8
791090779.jpg,d9
791378525.jpg,d3
791465915.jpg,d9
7915119673.jpg,d3
791743772.jpg,d9
791986135.jpg,d3
792058443.jpg,d8
792537235.jpg,d7
792870031.jpg,d8
792925235.jpg,d9
7929439690.jpg,d3
793632779.jpg,d9
793867316.jpg,d9
793941359.jpg,d8
794158797.jpg,d6
794196111.jpg,d9
7944248957.jpg,d1
794618329.jpg,d9
795253010.jpg,d9
795385028.jpg,d8
795743360.jpg,d9
795774020.jpg,d9
7960859938.jpg,d2
796255966.jpg,d8
796464895.jpg,d8
796585011.jpg,d9
7965896392.jpg,d3
7968063387.jpg,d3
796934776.jpg,d9
796944885.jpg,d8
7973871944.jpg,d7
7978026209.jpg,d3
797876986.jpg,d3
798135111.jpg,d9
7983721837.jpg,d3
798381279.jpg,d3
798482218.jpg,d7
798647331.jpg,d9
798770069.jpg,d9
7988808823.jpg,d6
7989033185.jpg,d7
799048711.jpg,d9
799152355.jpg,d1
799361892.jpg,d9
799482480.jpg,d8
799540237.jpg,d8
799903770.jpg,d8
801195429.jpg,d8
801614489.jpg,d9
801674771.jpg,d9
801750823.jpg,d7
8018852944.jpg,d7
801995791.jpg,d3
802209535.jpg,d3
802354546.jpg,d8
8026205458.jpg,d3
802676658.jpg,d8
803025891.jpg,d9
803042365.jpg,d8
803167009.jpg,d8
803198648.jpg,d8
8032014825.jpg,d3
803546011.jpg,d9
8036451707.jpg,d6
8036780194.jpg,d3
8039435262.jpg,d3
8040105157.jpg,d3
8043250793.jpg,d6
804460180.jpg,d3
8045038443.jpg,d3
804803079.jpg,d6
804827513.jpg,d8
804858192.jpg,d9
804982636.jpg,d9
8049893018.jpg,d3
8051718436.jpg,d3
805284017.jpg,d8
805354079.jpg,d9
8062747712.jpg,d1
806462696.jpg,d9
806755451.jpg,d8
806883696.jpg,d9
807076742.jpg,d3
807106997.jpg,d9
8072189957.jpg,d3
807334916.jpg,d9
807421431.jpg,d9
8075977527.jpg,d1
808145907.jpg,d9
808691873.jpg,d3
808756997.jpg,d3
8095505565.jpg,d2
809570286.jpg,d8
809772731.jpg,d3
809814895.jpg,d9
809913964.jpg,d7
810172104.jpg,d7
810315337.jpg,d3
810465175.jpg,d1
810493194.jpg,d1
810530346.jpg,d9
810738741.jpg,d1
810794349.jpg,d8
810817082.jpg,d8
810968629.jpg,d8
811130174.jpg,d8
811207863.jpg,d9
811548403.jpg,d9
811628873.jpg,d3
812230574.jpg,d8
8123560187.jpg,d3
812396872.jpg,d9
812729284.jpg,d8
8127525842.jpg,d1
812987882.jpg,d9
813311708.jpg,d7
8142556189.jpg,d3
814734080.jpg,d7
814734617.jpg,d9
8153697343.jpg,d1
815758523.jpg,d3
8160465328.jpg,d1
816236535.jpg,d8
816418978.jpg,d9
816425442.jpg,d8
8165412861.jpg,d3
817352079.jpg,d8
817731059.jpg,d9
8178612678.jpg,d3
817979789.jpg,d9
818150431.jpg,d5
818197768.jpg,d3
818522512.jpg,d3
8187298333.jpg,d1
819043994.jpg,d7
819749723.jpg,d9
820429812.jpg,d7
820725388.jpg,d5
821089845.jpg,d9
821161113.jpg,d9
821227284.jpg,d9
821537338.jpg,d3
821590835.jpg,d9
821912955.jpg,d3
822010646.jpg,d9
822188638.jpg,d9
822912217.jpg,d9
823210619.jpg,d9
823343948.jpg,d3
823543555.jpg,d3
823718195.jpg,d7
823767616.jpg,d7
8244564817.jpg,d5
824892350.jpg,d8
824947473.jpg,d9
825268574.jpg,d9
825515382.jpg,d9
825600917.jpg,d7
8257144512.jpg,d1
8257895634.jpg,d5
825838926.jpg,d7
825869749.jpg,d9
826394806.jpg,d8
826430389.jpg,d9
826815875.jpg,d7
8269169940.jpg,d3
826951917.jpg,d6
827374268.jpg,d5
8275723991.jpg,d3
827596080.jpg,d3
827725687.jpg,d9
827951399.jpg,d3
828390534.jpg,d9
828394865.jpg,d7
8287428529.jpg,d3
828896311.jpg,d8
829057379.jpg,d9
8290748336.jpg,d3
829127730.jpg,d7
829317409.jpg,d3
829402287.jpg,d9
8294231431.jpg,d3
829423615.jpg,d9
829471247.jpg,d8
829498702.jpg,d4
829553823.jpg,d9
8299142959.jpg,d5
829978553.jpg,d9
8304343761.jpg,d3
830488977.jpg,d3
830943266.jpg,d8
831009265.jpg,d9
831115709.jpg,d3
8312203470.jpg,d5
831505582.jpg,d9
8316367199.jpg,d3
832130336.jpg,d3
832445700.jpg,d3
8325515440.jpg,d5
832585173.jpg,d9
8326504331.jpg,d3
8328062627.jpg,d5
832950419.jpg,d3
8329570005.jpg,d3
833282401.jpg,d9
833817255.jpg,d3
833923999.jpg,d1
834089697.jpg,d7
834721161.jpg,d3
835378071.jpg,d9
835903623.jpg,d3
836112160.jpg,d7
836393606.jpg,d9
836690152.jpg,d9
836740514.jpg,d9
836828171.jpg,d9
837070515.jpg,d7
838607359.jpg,d5
839029350.jpg,d5
839156976.jpg,d9
8402191138.jpg,d7
840885782.jpg,d9
840914669.jpg,d8
840952482.jpg,d9
8410816378.jpg,d3
8411002260.jpg,d5
841246740.jpg,d3
841265563.jpg,d9
841456883.jpg,d8
841460649.jpg,d3
841689236.jpg,d9
841801058.jpg,d9
8424213376.jpg,d5
842486904.jpg,d7
842518113.jpg,d3
842907103.jpg,d9
843010001.jpg,d7
843316575.jpg,d1
843603770.jpg,d2
843650834.jpg,d9
843669043.jpg,d8
843919628.jpg,d9
843962124.jpg,d8
844248852.jpg,d9
844292573.jpg,d8
844483142.jpg,d8
8445988868.jpg,d3
845165487.jpg,d9
8452966052.jpg,d3
845477130.jpg,d5
845512152.jpg,d3
845515554.jpg,d8
845531718.jpg,d3
845842386.jpg,d9
845910608.jpg,d8
845975587.jpg,d3
8462403087.jpg,d3
846273009.jpg,d9
846456856.jpg,d8
846638398.jpg,d8
846670522.jpg,d9
846799111.jpg,d5
8474217515.jpg,d3
847558996.jpg,d9
847570584.jpg,d8
847800751.jpg,d9
847885097.jpg,d9
8479272270.jpg,d3
848112143.jpg,d9
848117008.jpg,d9
848363046.jpg,d3
848450938.jpg,d9
848751948.jpg,d8
8488842562.jpg,d3
8490407700.jpg,d1
849138957.jpg,d9
849174037.jpg,d8
849197773.jpg,d3
8492142387.jpg,d3
849322246.jpg,d9
849329712.jpg,d3
8494871033.jpg,d3
8495422245.jpg,d7
849632401.jpg,d9
849763039.jpg,d3
849808722.jpg,d8
850035884.jpg,d9
850078366.jpg,d9
850298174.jpg,d3
8503047384.jpg,d3
850777984.jpg,d9
8508091840.jpg,d3
8511322754.jpg,d8
8520810991.jpg,d7
8524141815.jpg,d7
8529126370.jpg,d5
8533040008.jpg,d7
853385536.jpg,d8
853701061.jpg,d7
854045780.jpg,d8
854209637.jpg,d8
854567088.jpg,d9
854574545.jpg,d3
8547543008.jpg,d7
855165708.jpg,d9
855400079.jpg,d8
856288442.jpg,d3
856945635.jpg,d8
857670906.jpg,d7
858016731.jpg,d3
858407411.jpg,d8
858438480.jpg,d9
858796640.jpg,d8
858983997.jpg,d7
860005441.jpg,d8
860040327.jpg,d3
860096976.jpg,d9
8602346486.jpg,d1
860290505.jpg,d3
860543873.jpg,d9
860594340.jpg,d3
860608984.jpg,d9
861210782.jpg,d9
8613150412.jpg,d3
861391647.jpg,d9
861764895.jpg,d9
861794031.jpg,d8
861865954.jpg,d7
861981698.jpg,d8
862047317.jpg,d8
862658517.jpg,d2
862723628.jpg,d9
863203831.jpg,d7
863526771.jpg,d9
8637371629.jpg,d7
864372245.jpg,d9
864497089.jpg,d9
8645724133.jpg,d3
864838242.jpg,d9
8648945249.jpg,d3
864976791.jpg,d9
865009099.jpg,d8
865150423.jpg,d3
865432977.jpg,d7
8655200998.jpg,d3
8656014106.jpg,d2
865754790.jpg,d9
8659449861.jpg,d7
865977191.jpg,d9
8662760677.jpg,d7
866755979.jpg,d7
867092835.jpg,d9
867106479.jpg,d9
867205078.jpg,d7
867313575.jpg,d9
867446411.jpg,d8
867501523.jpg,d4
867571627.jpg,d9
8675960484.jpg,d7
867602955.jpg,d3
867945411.jpg,d8
868625451.jpg,d8
8687276994.jpg,d1
8691809751.jpg,d3
869361328.jpg,d3
869678885.jpg,d3
869896893.jpg,d3
870232366.jpg,d8
870574812.jpg,d8
870688397.jpg,d5
870955802.jpg,d9
8716895563.jpg,d4
872154226.jpg,d9
872267637.jpg,d8
8722875759.jpg,d4
872665226.jpg,d8
872681823.jpg,d8
872746629.jpg,d8
873033583.jpg,d9
874051836.jpg,d8
8742079082.jpg,d3
874267760.jpg,d9
874421608.jpg,d9
874483504.jpg,d9
874530615.jpg,d9
8746728461.jpg,d3
874729163.jpg,d9
874789080.jpg,d8
874856752.jpg,d9
875129627.jpg,d9
875354917.jpg,d3
875842627.jpg,d9
875958460.jpg,d3
8759759277.jpg,d3
876173831.jpg,d9
876358805.jpg,d7
876755379.jpg,d3
8772602959.jpg,d2
878057864.jpg,d9
878477833.jpg,d8
878507851.jpg,d2
8785833876.jpg,d2
878736676.jpg,d9
878848292.jpg,d9
878934121.jpg,d9
878949068.jpg,d9
878972368.jpg,d3
8792811860.jpg,d3
879311503.jpg,d9
879517077.jpg,d9
879632711.jpg,d9
879649287.jpg,d8
880518600.jpg,d8
881209163.jpg,d3
881378853.jpg,d3
881405813.jpg,d9
8815105575.jpg,d7
881574284.jpg,d6
881848791.jpg,d8
881909367.jpg,d7
881954255.jpg,d8
8821183761.jpg,d7
882136798.jpg,d3
882391711.jpg,d8
882409944.jpg,d9
882696265.jpg,d6
882714688.jpg,d9
882912029.jpg,d2
883078720.jpg,d8
883182464.jpg,d8
883232001.jpg,d8
883492607.jpg,d9
883585956.jpg,d8
883721890.jpg,d8
883821025.jpg,d9
883971389.jpg,d9
884203490.jpg,d9
884414555.jpg,d3
884658183.jpg,d9
884683997.jpg,d3
884982470.jpg,d9
885136060.jpg,d6
885179173.jpg,d9
8852494326.jpg,d3
885294617.jpg,d3
8858069359.jpg,d3
885807461.jpg,d9
8862633682.jpg,d2
886589048.jpg,d9
886686380.jpg,d9
886800058.jpg,d8
887232030.jpg,d8
887421069.jpg,d8
8875357030.jpg,d3
887611049.jpg,d9
887744340.jpg,d3
887790824.jpg,d8
887925683.jpg,d9
8879322576.jpg,d2
887944067.jpg,d8
888083584.jpg,d9
8881366497.jpg,d2
888246894.jpg,d8
8888678947.jpg,d7
8892393565.jpg,d3
889262149.jpg,d9
8895763472.jpg,d2
889602502.jpg,d3
889718246.jpg,d3
8898156680.jpg,d2
890241193.jpg,d6
8902986867.jpg,d3
890351676.jpg,d8
890383216.jpg,d3
890449659.jpg,d9
890682881.jpg,d2
890777668.jpg,d9
891161793.jpg,d8
892286336.jpg,d9
892330944.jpg,d9
892610974.jpg,d8
8927985250.jpg,d2
892941165.jpg,d9
894223700.jpg,d9
894339544.jpg,d3
894436141.jpg,d5
894602710.jpg,d9
8948585642.jpg,d3
8954422084.jpg,d6
896031098.jpg,d9
896572805.jpg,d8
897229069.jpg,d9
8974657132.jpg,d3
897945904.jpg,d3
898246066.jpg,d9
898802377.jpg,d3
899648247.jpg,d9
8999602577.jpg,d6
900658805.jpg,d7
900758843.jpg,d8
901449367.jpg,d8
902276192.jpg,d3
903218122.jpg,d8
903376495.jpg,d1
903552891.jpg,d8
903755205.jpg,d8
9038749792.jpg,d9
904954802.jpg,d8
9053890283.jpg,d1
9054820595.jpg,d4
9055096569.jpg,d3
905535337.jpg,d3
905548120.jpg,d3
905594532.jpg,d4
905778900.jpg,d5
905998646.jpg,d8
906446729.jpg,d5
907040453.jpg,d8
907041875.jpg,d9
907156319.jpg,d8
907561463.jpg,d1
9076952071.jpg,d4
908372554.jpg,d8
908486098.jpg,d8
908884544.jpg,d8
9089072088.jpg,d4
909878440.jpg,d3
910023742.jpg,d9
910024471.jpg,d9
9101000626.jpg,d3
910278854.jpg,d9
910401297.jpg,d9
910645571.jpg,d9
910689864.jpg,d8
910757643.jpg,d7
911061316.jpg,d3
911434562.jpg,d9
911583840.jpg,d9
912048286.jpg,d8
9121950509.jpg,d6
912510729.jpg,d3
912663359.jpg,d9
9134070313.jpg,d6
913909739.jpg,d8
914146687.jpg,d8
914158758.jpg,d9
914218700.jpg,d9
914318111.jpg,d3
914363124.jpg,d8
914416182.jpg,d8
914479968.jpg,d3
914546668.jpg,d9
9148101010.jpg,d3
914813637.jpg,d5
914975222.jpg,d3
915214657.jpg,d9
9153348555.jpg,d5
915735677.jpg,d9
9157824027.jpg,d3
9164804211.jpg,d3
916594493.jpg,d3
9167369362.jpg,d5
9168155932.jpg,d3
916912234.jpg,d7
9170428450.jpg,d1
917171492.jpg,d9
917620824.jpg,d8
917796946.jpg,d6
917936381.jpg,d1
9180222074.jpg,d3
918085328.jpg,d8
918463865.jpg,d1
918576300.jpg,d8
919338886.jpg,d8
919600651.jpg,d9
919703132.jpg,d9
9198788719.jpg,d3
919945772.jpg,d9
9199498046.jpg,d5
9206753795.jpg,d3
921335823.jpg,d7
922449759.jpg,d3
922458297.jpg,d8
922647204.jpg,d3
923028648.jpg,d8
9230830296.jpg,d3
923150720.jpg,d9
923507658.jpg,d9
923649720.jpg,d3
923875223.jpg,d9
923996440.jpg,d3
924316421.jpg,d3
924659348.jpg,d9
924838639.jpg,d9
924943273.jpg,d9
9250679176.jpg,d9
925125648.jpg,d5
9251503204.jpg,d6
925276264.jpg,d3
925488759.jpg,d9
925743645.jpg,d7
926307329.jpg,d9
927040635.jpg,d9
927300629.jpg,d9
927395553.jpg,d9
927551643.jpg,d9
927561835.jpg,d8
927867309.jpg,d8
927874444.jpg,d9
928106546.jpg,d9
928717534.jpg,d3
929342205.jpg,d3
9293523880.jpg,d3
929429625.jpg,d7
9295508426.jpg,d3
929731398.jpg,d3
930154781.jpg,d3
930309390.jpg,d9
9308782453.jpg,d5
9310506983.jpg,d7
931088402.jpg,d9
931121711.jpg,d3
931600421.jpg,d9
931934154.jpg,d5
932218398.jpg,d9
9322352550.jpg,d3
932267135.jpg,d5
932680823.jpg,d8
932723264.jpg,d9
9327327215.jpg,d7
932766421.jpg,d9
932796667.jpg,d8
933031123.jpg,d8
933652131.jpg,d8
934218172.jpg,d8
9343874820.jpg,d7
934423586.jpg,d9
934510295.jpg,d3
934739740.jpg,d9
934776472.jpg,d7
935539163.jpg,d8
935824948.jpg,d7
936147059.jpg,d5
936499515.jpg,d9
936649573.jpg,d7
9366680492.jpg,d5
936881938.jpg,d8
936978307.jpg,d9
936995071.jpg,d8
9371057724.jpg,d3
937710606.jpg,d9
9382277539.jpg,d3
938432236.jpg,d3
938471051.jpg,d9
938503059.jpg,d7
938916563.jpg,d3
939627287.jpg,d3
9397292067.jpg,d3
939850110.jpg,d5
941324123.jpg,d8
941797733.jpg,d9
942969275.jpg,d9
9432466860.jpg,d3
943292286.jpg,d9
943596739.jpg,d4
944827010.jpg,d4
945114017.jpg,d3
945198473.jpg,d7
945249012.jpg,d4
9452656557.jpg,d7
9456105736.jpg,d7
945684976.jpg,d1
946421564.jpg,d7
9469325741.jpg,d7
947534462.jpg,d3
947854503.jpg,d3
947971684.jpg,d7
948171171.jpg,d7
9482289255.jpg,d4
948501151.jpg,d9
948716935.jpg,d9
949039916.jpg,d9
949402262.jpg,d9
949484824.jpg,d9
9495501269.jpg,d5
950295326.jpg,d9
950349097.jpg,d9
950449514.jpg,d9
950785996.jpg,d8
951023225.jpg,d8
951044048.jpg,d9
9511100024.jpg,d4
951546171.jpg,d7
951751479.jpg,d8
9518761130.jpg,d3
952090814.jpg,d9
952374149.jpg,d7
952407359.jpg,d8
952412235.jpg,d8
9525121939.jpg,d4
952514367.jpg,d9
952625568.jpg,d3
952741068.jpg,d9
952901873.jpg,d8
952932822.jpg,d3
953216780.jpg,d8
953322815.jpg,d9
9536415121.jpg,d3
953699892.jpg,d3
954274748.jpg,d4
954339861.jpg,d8
954650699.jpg,d9
954850050.jpg,d3
9549635147.jpg,d3
955029284.jpg,d8
955220424.jpg,d3
9553450685.jpg,d5
955494708.jpg,d9
955852164.jpg,d9
955964162.jpg,d8
956020686.jpg,d7
956043028.jpg,d8
956145320.jpg,d2
956286453.jpg,d3
956529053.jpg,d9
956880738.jpg,d9
957210719.jpg,d9
9578084623.jpg,d3
957889997.jpg,d4
958081442.jpg,d7
9582591649.jpg,d3
958432400.jpg,d9
958488996.jpg,d1
9585924506.jpg,d7
958704263.jpg,d9
9589512176.jpg,d5
959303423.jpg,d7
959383815.jpg,d8
9598244310.jpg,d7
960284216.jpg,d8
960705206.jpg,d8
9608199402.jpg,d3
9611210519.jpg,d3
961596297.jpg,d8
961600831.jpg,d8
961734316.jpg,d8
962092286.jpg,d3
962467551.jpg,d9
962740061.jpg,d9
9629355753.jpg,d3
9635135947.jpg,d3
963872678.jpg,d9
963927751.jpg,d9
964218493.jpg,d5
965587637.jpg,d9
966198647.jpg,d8
966255546.jpg,d7
966610835.jpg,d3
966995312.jpg,d2
967060955.jpg,d8
967387854.jpg,d8
9675811756.jpg,d3
967759190.jpg,d9
967776666.jpg,d8
967840513.jpg,d3
968112481.jpg,d8
968660562.jpg,d7
969092753.jpg,d7
9695038634.jpg,d7
969772695.jpg,d9
9699058448.jpg,d4
970315854.jpg,d7
9704217913.jpg,d7
970438398.jpg,d2
9704441325.jpg,d3
970703906.jpg,d9
970774267.jpg,d3
970817388.jpg,d8
9708368440.jpg,d7
970910781.jpg,d9
9711636499.jpg,d7
971975451.jpg,d3
972396552.jpg,d9
9724967203.jpg,d7
972600205.jpg,d3
972817742.jpg,d9
972974730.jpg,d7
9730469404.jpg,d7
973356183.jpg,d8
973425730.jpg,d9
973507141.jpg,d9
973552639.jpg,d7
973667193.jpg,d2
9737819372.jpg,d2
973922206.jpg,d3
9740039188.jpg,d3
974024092.jpg,d8
9740273512.jpg,d3
974104759.jpg,d9
974548627.jpg,d8
974679264.jpg,d8
974990274.jpg,d8
975339618.jpg,d8
975460627.jpg,d3
975848628.jpg,d8
976029646.jpg,d9
976340866.jpg,d3
9765854606.jpg,d3
9766418866.jpg,d7
976764534.jpg,d9
976914102.jpg,d9
977185556.jpg,d9
977432553.jpg,d9
977607667.jpg,d9
977710301.jpg,d9
978043392.jpg,d9
9782127214.jpg,d3
978315257.jpg,d3
978372491.jpg,d9
978555297.jpg,d8
978693711.jpg,d3
9789072558.jpg,d3
979127513.jpg,d9
979572822.jpg,d8
979647835.jpg,d5
980078413.jpg,d9
980602277.jpg,d9
980689533.jpg,d9
9807746076.jpg,d3
981081944.jpg,d3
9811966883.jpg,d3
981264480.jpg,d9
981320389.jpg,d9
981372186.jpg,d3
981785678.jpg,d8
9825761311.jpg,d3
982931379.jpg,d9
982955033.jpg,d3
982957430.jpg,d9
983378124.jpg,d3
983803617.jpg,d8
9838991328.jpg,d3
984477528.jpg,d9
984526312.jpg,d9
984579566.jpg,d3
9850043802.jpg,d3
985052484.jpg,d9
985587977.jpg,d8
985592182.jpg,d3
985663593.jpg,d7
987087616.jpg,d9
987100359.jpg,d2
987167028.jpg,d9
987266957.jpg,d9
987530284.jpg,d9
987760403.jpg,d9
9882817829.jpg,d7
989347853.jpg,d8
989745432.jpg,d9
990115026.jpg,d8
990423151.jpg,d9
990636217.jpg,d8
990643360.jpg,d9
990660934.jpg,d8
9908252445.jpg,d9
990934441.jpg,d7
9912452252.jpg,d8
9917497704.jpg,d9
992006679.jpg,d3
9921212134.jpg,d3
992221348.jpg,d7
992229710.jpg,d8
9924277790.jpg,d3
992584461.jpg,d9
9928436682.jpg,d7
992886841.jpg,d9
993163011.jpg,d8
993701678.jpg,d8
9937291430.jpg,d6
993980164.jpg,d9
994013273.jpg,d8
994156347.jpg,d3
994178586.jpg,d8
994191020.jpg,d8
994202255.jpg,d9
994222666.jpg,d6
9942895553.jpg,d3
994501264.jpg,d9
994699504.jpg,d8
995345554.jpg,d3
995400577.jpg,d8
9954590181.jpg,d3
995514131.jpg,d3
995681803.jpg,d9
995824266.jpg,d3
995947000.jpg,d9
9959565646.jpg,d3
996374565.jpg,d8
996490029.jpg,d3
9966102769.jpg,d2
9967810997.jpg,d3
996863375.jpg,d9
997218655.jpg,d8
9973232364.jpg,d6
998098027.jpg,d6
998112781.jpg,d8
9983749265.jpg,d1
998555459.jpg,d8
998747172.jpg,d8
998953916.jpg,d3
999192160.jpg,d9
999614360.jpg,d9
999727804.jpg,d9
9997443683.jpg,d3
999809480.jpg,d4
